curp,nombre,apellidoPaterno,apellidoMaterno,fecha
HJEW627087FODTCL63,Lidia,Rackstraw,Blacktin,1936-08-16
KHXX868291HUFAHT61,Estella,Binestead,Martynikhin,1964-07-29
TTQU825569FAQIZX02,Rora,Gutowska,Fazackerley,1960-10-14
XSON186555HBXUPW62,Walt,Doorly,Stammer,1950-02-19
FFKA317781HHBIDI41,Jarret,Dellatorre,Mazzei,1989-09-07
KYNK056399HZYNIV60,Nikolas,Kobpac,Gove,1961-12-20
QZEW612167HVJQBH98,Loutitia,Bettington,Kale,2001-05-03
YQXD143741FZGFJG85,Arlena,Kells,Sams,1924-11-10
YDTH788603FQMMBE38,Rooney,Kelberer,Braunle,1937-11-10
RNXV012300FLSORE15,Adrianna,Brill,Isaq,1975-06-09
KQHB195458HKGLAG77,Judye,Shapiro,Riden,1938-05-20
JSZD377338HZXDAF38,Cherin,Northey,Santer,1976-03-24
PCYK536602HQDMQW56,Janeta,Gayforth,Landsbury,1952-09-30
HMJV963563HZXIWD17,Brit,Heritege,Wigfall,1951-11-26
TVCL463943FOMETA84,Arty,Straine,Tretter,1973-03-07
NMGX203937FZDEIE93,Kori,Wormald,Bartels-Ellis,1971-01-09
CLAS267237HPVGLO73,Emmerich,Beaves,Mohamed,1934-10-21
RXHL819401HGMJED17,Irv,Piwall,Fontin,1988-06-22
IZRR518066FSTOCD13,Elliot,Shadfourth,Attrey,1952-03-16
GSOI836493FOQGQP39,Helene,Drowsfield,Hawket,1925-01-14
FJQM466772FRPXLD24,Gilles,Barkway,Simms,1976-11-12
LILN933710FFZMAS29,Chevy,Lanston,Santostefano.,1957-08-15
AUNU171510FJVHCJ50,Kennedy,Hrihorovich,Janovsky,1953-01-05
HLYG243951FESZVT52,Lorianne,Alexsandrov,Dahlgren,1934-08-06
VVRZ017068FUDBBW90,Padget,Piercey,Randal,1969-01-21
GNEC956832FHUWCC56,Madonna,Howe,Caldeiro,1934-08-29
DWUS994333FULPBA28,Rosaleen,Bridle,Wollaston,1944-03-13
PKVW983539HZNMNP50,Agnese,Will,Ellings,1979-04-25
GKHG656202HMCYYK94,Rosene,McPaik,Rodrig,1956-05-02
XILL053263HGPSTO46,Bren,Samwayes,O'Lunny,2000-07-30
QQHK514114FDGBOO12,Onofredo,McGrowther,Rewcassell,1955-04-18
VYJZ453810HDCQDQ82,Rianon,Arnaudin,Fallowes,1999-11-26
USTP255159FLDNZP38,Ronny,Dumberell,Branni,1971-01-02
SIOY444060FOYAJA03,Hanni,Dandie,Hollier,1952-09-25
AHWO112690FMGGYY76,Kaitlin,Eeles,Danielkiewicz,1992-04-21
YGJX364677FFVWCL16,Zeke,Scranedge,Dunkerton,1926-04-23
SAGS367074FXNTLN69,Olenolin,Matthews,Whild,1984-08-28
SECK601487HZRAJC12,Gratia,Creedland,Nye,1976-01-20
TXRM961594FOZOLX24,Heall,Aireton,Heather,1949-05-21
ETBY160914FUPQKD96,Lura,Paulsen,Mothersdale,1974-02-19
ZLJE263756FAPFLU54,Stephanie,Dowse,Colbridge,1973-07-20
PYTE859033HIXZOQ57,Sky,Gerald,Renwick,1940-10-17
VLFO890261FKITXA27,Alfreda,Delgado,Mart,2001-07-28
ADQL812042HFOFES00,Reinhold,Bartrop,Bock,2001-11-26
GARV451512FNUTUB06,Ina,Breston,Reedyhough,1961-10-17
BHFA526898HLPMFR30,Gabey,Carhart,Tohill,1964-02-18
TLWV850278HQRWNB72,Alric,Ennals,Chellingworth,1961-04-11
FDXU623606HLFABX86,Cinnamon,Whate,Hawking,1938-01-08
LWZP645235FIUFJO57,Katie,Northleigh,Lammiman,1989-08-29
JNRE069046HDMMYR78,Ivory,Tumielli,Blacklidge,1942-05-22
UFDM819692FSOOUL14,Stan,Lakes,Bollans,1927-12-08
HPBM333526FXIYSI47,Murielle,Saye,MacEvilly,2003-12-07
ZCHX233664HSFCOJ16,Lorie,Dowdall,Forsey,1999-02-20
AKVH327173FWMHCH22,Isahella,Bemment,Ferrie,1969-07-27
FOHF543469FJGJTE43,Jamill,Whitecross,Godsil,1989-09-12
ZCEK279024FROTFA87,Merna,Ashforth,Vassman,1997-10-27
EZQR023594FKVIBW56,Zaria,Alentyev,Lyne,1981-01-09
VGOR434608HNYRRV27,Donnajean,Ivanisov,Gelardi,1933-10-30
WCGB933426FRCPPW11,Blondell,Andresen,Blackhall,1926-11-01
LOTQ429055HQGYQW35,Lamar,Dorrell,McGarry,1956-01-07
DUAS119888HFNWYY46,Tailor,Cremins,Francois,1961-02-06
CRHM265351HUVSBD75,Armstrong,Fetteplace,Maybey,1946-09-20
KNHY518882FNPHTY87,Wilmar,Costock,Lawrenz,1953-03-04
WXWA301341FIGSPD67,Dottie,Fitzsimon,Straine,2002-06-26
KALI019143FPROTP57,Deeyn,Burgan,Whellans,1953-06-02
WTBC615978HEIREC55,Sheffield,Branscombe,Cavie,1966-07-18
SNMF616843HWOATL82,Hatti,Ribey,Hurst,1970-08-28
RROS507008FEEKTW38,Hobey,Petters,Garbutt,1999-09-21
DBKD511262HHWTJN46,Mycah,Poad,Colkett,1954-07-21
NRQS389515HNMBMC75,Elyn,Mustin,Randleson,1985-05-22
TDBC474619HNOBIF56,Demetre,Mertgen,Stoneham,1984-03-17
NCYY513482FKIRDJ54,Kally,Van den Dael,Cersey,1972-02-14
HCRD751268FUNCCR35,Berni,Tweedle,Berrey,1968-12-21
LRJJ049017HOXTIJ20,Nessi,McKenny,Burborough,1996-06-30
IUPK357715FMOTQS70,Angelina,Cicetti,Fallowes,1947-06-05
QMFI730652FNIPJC09,Matthaeus,Gaw,Lafee,1941-01-08
IHZY913918HIPYBO95,Gayla,Garbert,Baldick,1972-01-07
ENKD813295FMABPI76,Anatole,Frankham,Ennion,1953-12-24
VMTV353608FTIEHG35,Tommy,Martinat,Nettles,1925-01-15
NYIP523423FSBGIZ39,Enos,Woller,Clutterham,1923-03-09
CQSB846128HYPVSE53,Domenico,Morshead,Preskett,1970-03-09
MZQH498686HGXPPE67,Phillipe,Bodiam,Nezey,1938-08-17
ESSW351600FVJPRC50,Manon,Koubu,Rodda,1998-02-06
HGWC246359HVEKRY46,Rufe,Haney`,Blackford,1979-01-22
HFWK341586FRIEHM62,Conant,Hobgen,Mauro,1965-10-30
DPKE451525HVKNIA41,Leif,Bartlett,Giordano,1981-04-10
FAXI564920FHYOBU37,Gabriell,Matzaitis,Hanigan,1990-11-17
LAHH142772FNXBBR98,Goober,Upstell,Grunguer,1951-12-28
RDGP763710FWGFMN29,Gussie,Bloy,Itzakson,1939-04-30
GJHJ027597FYICBE32,Eugene,MacQuarrie,Scawton,1955-06-07
WIJD079240HIBVYT92,Oliver,McMurty,Dusey,1937-02-17
LWQD986690FVAJXD22,Alva,Gedge,Tack,1963-05-02
XFMN672293FXGZWB70,Erick,Mertin,Tenaunt,1938-11-18
WHDW773472FYWTZJ15,Barris,Wythe,Bezley,1928-09-09
NKNY172277FWHIJI71,Veronique,Rickhuss,Songhurst,1982-07-10
OXIL430780FFFHHC55,Marilin,Couchman,Emer,1935-01-02
OSQH562184FKWECB46,Genia,Coulsen,Buttrick,1989-12-06
XACF813158HIEYBJ07,Weston,Double,Snozzwell,1946-05-16
RAVS589230FIDXNC70,Pierson,McQuarrie,Chatain,1990-12-15
ASWK026062HNTWEV31,Art,St Angel,Leman,1945-09-04
ZRHU859525HBKIJN61,Paul,Buckner,Shimmings,1968-08-18
UNNB029134FGJEBD51,Rebbecca,Pineaux,Lanfere,1946-03-25
XPUH380193FAMZAS89,Sallee,Spruce,Pudsall,2000-04-13
LHIX639769FVHAGI53,Dale,Costin,Magnay,1960-06-02
ZFVM760472FGNNBM63,Kalle,Woolard,Joubert,1974-07-04
CRKB304646FJNGOH72,Dorine,Gilvear,Dracksford,1939-07-03
LBIM219975HZAPSV59,Dugald,Fesby,Scotchmoor,1926-07-02
ZLJL876014FRHIOX63,Modestia,McCane,Feore,1928-11-10
RKVT861171FAGWGE60,Thaine,Beardsworth,Mobius,1969-11-20
SDBD156541HGFCTH07,Arielle,Heustace,Pyle,1939-07-21
IFPV242824HGYFXZ35,Tori,Laughtisse,Pridmore,1983-03-23
HHXD804667FIGWNB97,Humfried,Reims,Beetham,1944-05-26
NAIH897253HATQIJ05,Cyrus,Letford,Longfut,1986-07-06
VEXW014000FRIYND40,Felicio,Treacy,Luddy,1973-10-14
MWRG522924HVAVLU29,Frazer,Kubalek,Stonhard,1980-06-09
KGRI548972HKVLFP60,Shaun,Matushevitz,Giscken,1959-02-15
JDUN547921FMNDQD67,Cory,Weepers,Luna,1977-11-20
MUGL304190FIDGFD55,Rowen,Dachey,Sirman,1930-06-12
RXHZ563116HAFVFB64,Deirdre,McCarney,Habbema,2000-08-06
IQWM848339FTYWVP46,Phineas,Ashbridge,Gilbanks,1940-06-19
NOMB303038HLKCPS66,Bernadine,Bridgestock,Du Fray,1941-07-08
TQIF669851FEJOTM87,Phil,Crowter,Wooller,1992-02-05
BNTZ712748FQFDHQ37,Judon,Ludlow,Halson,2001-08-18
WBBK254944FRRKTP43,Odelia,Licciardello,Broy,1927-08-16
MWZJ974936HCQIBI07,Delmar,Dossit,Erskin,1973-09-08
JCTT814741HVQYMR27,Tatiana,Goady,Seakes,1975-08-05
NTLF998985HVQAKT87,Bettina,McCrow,Frankton,1998-03-31
NTTW993919FSZOWJ31,Kathy,Upsale,Panting,2000-01-01
DBQD239970HKSBZQ13,Katalin,Minney,Mulholland,1956-07-27
SKYG474966HACTVP71,Worthington,Glastonbury,Merali,1990-09-19
NKQE560291FTHCDJ64,Artemus,Haffenden,Calfe,1978-05-15
RKRN546933HUMVOA05,Gerry,Preddle,Rockcliffe,1962-08-26
IFTW101240HSORTG00,Val,Rewcastle,Wilmore,1956-03-25
OBMU581832FWPZFH32,Myrlene,McQuin,Salisbury,1995-08-28
GFTY850879FRZQKX88,Daven,McGeneay,Coppens,1967-11-21
PBKX599956FRGGXJ89,Kirsten,Daymont,Barday,1962-09-08
GGFE557286HZUFKO96,Janos,Shardlow,Acock,1980-11-28
RHMX376772FDQJLW74,Jocelyne,Pablo,Tarbath,1943-11-03
NXBF969952FYUHWM21,Pierrette,Winman,Sweetzer,1931-02-12
PHVT820433HTNGTZ25,Cooper,Puzey,Dominguez,1932-10-22
SLMO871317FCKDNT74,Horace,Waring,Nourse,1938-04-15
WZKV248305HMGJHO35,Ingeborg,Oxborough,Tommasetti,2000-12-01
OASG745680FOPNKW15,Nydia,Coping,Chetter,1965-10-24
IGGO705075FKEYNJ67,Pamela,Bage,Rooze,1989-05-04
WQSV772124HEBICQ59,Yurik,Todarini,MacElharge,1976-02-16
GVAI906721FOKWCD12,Nike,Matskevich,Manley,1968-11-28
JXIJ461810HMBLAV59,Alwyn,Lampl,Keasy,1960-09-03
WRAQ119916HEKTCJ07,Sydney,Keenor,McGlew,1951-01-28
AVRA769766FWWPDY09,Stillman,Cluff,McCarlie,1939-06-02
ZJCR192330HZKOBG82,Yankee,Ert,Antonutti,1942-07-10
QYUP745123FOINIS71,Cristen,Butlin,Beckinsall,1930-05-17
ALRT859505HHHYMS29,Erinna,Gorrie,Coat,1924-05-03
QUSG080015FOWJRW31,Cara,Dullard,Graalmans,1925-12-26
LDVF912643HHOXTY93,Akim,Smeath,Ladson,1969-04-20
QRUY700545FQZZBA76,Estrella,Selkirk,Frossell,2002-02-07
EOKO944154FLJPCW69,Shoshana,Maddin,Meechan,1973-07-28
QWJW222132HJYJPX48,Fernandina,Gaylard,Caush,1961-11-28
ITFF650120FQECXA89,Gilberto,Jouanny,Shoesmith,1949-04-27
EVMW309015FEXYWB96,Massimiliano,Simukov,Tofanelli,1974-04-14
LPZM299187HWVWWD17,Salome,Applewhaite,Chritchlow,1972-03-04
NASH782489HTBNUD07,Ninette,Benedito,Bartley,1955-02-15
BEXQ639250HUIRKD81,Marcelo,Fasse,Gaitung,1969-03-28
DHWI274176HHFKEY82,Bernette,Salway,Davidesco,1923-11-09
OELR519764FPZEEO93,Emmett,Bowhey,Pickersail,1981-09-30
ZRVL516682FIJHHY73,Jethro,Chritchlow,Lewins,1925-04-26
JKLJ950663FERXAW69,Karney,Souch,Merington,1927-07-17
PVOI124326FUVMYZ27,Chevy,Cruise,Jerke,1968-04-13
XKLE815663FXDKPC58,Gloria,Wennington,McClure,1934-07-20
GXFU681793FIVTIB29,Alix,Faley,Faunt,1931-02-13
SEPX199830HMOZYZ10,Harold,Slowan,McUre,1927-11-02
QJRW785302HNGKDU62,Kai,Raffles,Labusch,1935-04-24
GNVR090966HKEAGU29,Kellen,Kiloh,Kira,1961-10-01
CHLS069624FPOYZY37,Louisette,MacPike,Costellow,2003-09-21
AOCQ113184FYXIDY13,Helenelizabeth,Schwartz,Pettigree,1952-09-14
IWUU791776FEHJNP21,Rem,Willers,Newarte,1924-01-21
ISRT981363FCTAPV12,Aleen,Alexandre,Lody,1970-07-20
VAZT711819FXWWII60,Riane,Halliday,Botley,1960-02-07
MYEF708752HEWHAN23,Bancroft,Burnie,Gregore,1995-03-28
YVEQ574114FDYIVC58,Karee,Summerson,Holtaway,1990-03-09
TRTT143614FEWJBF34,Faydra,Farnell,MacAlees,1969-09-25
WLHJ502009HNVOXH43,Babb,Boarer,Del Dello,1949-03-14
ZATO072731FQIKEZ73,Bobby,Addicott,Sigg,1996-01-18
ONCW389114FGPWTU18,Adrien,Eronie,Brownfield,1950-09-16
PXWN045540HHTBOC69,Odilia,Baptie,Imlin,1939-10-14
XUOF842416FOHPLP32,Rayner,Gookey,Petofi,1923-11-18
BAEI787035HCZIIX80,Blinni,Bandy,Beaves,1962-08-31
QEKS694703FLPTYM35,Yetta,Eteen,Swallwell,1981-02-21
FJBT295359HPTFBQ75,Osbourne,Buyers,Dodgshon,1930-01-05
BTSM249994FNLDIP76,Norrie,Brasner,Quayle,1957-06-02
WGEI951067HHHQLB69,Kira,Monte,Leversuch,1942-06-19
FCFN384415HCZWOB92,Ramon,Brabyn,Entreis,1945-12-09
VHXY257082HZVJXF04,Zerk,Rainon,Ofen,1956-03-11
GJPL932331FXQCQO87,Pip,Gumb,Girk,1950-05-08
AIHE814246FSIXUV19,Hunter,Carrick,Payne,1943-06-25
KWLS585965FJFIBY06,Brianna,Kenway,Dennant,1964-10-29
SBMK131809FYAMYC71,Mada,Collard,Higginbottam,1989-12-14
GKNL898017HJQMML00,Berenice,Wadhams,Dinsey,1966-04-10
ANYZ577121FJBXES90,Yoshiko,Gilmore,Bourdice,1978-08-23
RELR363469FXYTLD64,Moishe,Stonall,Brafield,1993-12-13
HLGE207157FPQMFP53,Purcell,Corderoy,Lenihan,1950-04-20
LIWD168793HMMWVG16,Ximenez,Zannotti,Beaty,1923-11-29
WLFX135146FJLUID19,Derick,Reddick,Yearnes,1937-08-09
MVPV929811FFJGSJ57,Lucienne,Tollady,Densie,1943-03-10
AIUR680981FMCRMF94,Major,Ramsdell,Donnel,1926-09-07
CYFJ445174HZARZA29,Major,Menco,Doget,1972-09-01
DGNF590733FNCJKZ64,Garrek,Winny,Fullbrook,1941-03-05
IYFX030037HCPNOY99,Scarface,Nashe,Ivory,2000-11-18
PGAM929528FEWQPD71,Allan,Fryd,Tenby,2000-12-09
QBWZ965056FNYGAT68,Vincenz,Loffhead,Strangeways,1961-10-11
GCMR731325FVJYYH01,Darcie,Neeson,Weightman,1968-01-07
UJZL746459HJQTHW53,Felicio,Gorke,Pisco,1972-08-28
NYPJ605005HFAGWB86,Gizela,Marchand,Martensen,1944-04-25
NFWT520914HWJADE37,Shay,Agglione,Minster,1945-12-17
QWUC894490HEWKBK57,Janetta,Castelletto,Chew,1981-02-06
RCMU432473HTXHNL37,Janene,McKelvey,Flucker,1986-02-23
PWBW070529HLKITI05,Adina,Antyukhin,Northern,1972-05-04
RBKM489995HIREVW49,Gracie,Scantleberry,Jaquemar,1993-06-06
BGVJ891605FNXUDV86,Marsh,Gunny,Damsell,1958-01-24
OYYX536643HHRQVL55,Percy,D'Orsay,Guidetti,1969-03-28
NXOZ334958HVYWPT49,Francene,Dewbury,Weekes,1955-09-06
UQET599503HOBMGH42,Miguela,Daubney,I'anson,1933-01-22
LJPD562431HHOPIF21,Codee,Reasce,Mewhirter,1936-08-04
IDVQ671054FSWXSJ10,Antony,Wyllie,Pavlishchev,1928-06-18
GUGO299547FTFXQA30,Lian,Dunican,Kipling,1949-05-24
QAXP046310HWSJDY34,Bald,D'Arrigo,Wigsell,1935-08-17
LBGO312847HXVXOL10,Vinny,Purdie,Charlson,1929-08-12
HIHQ071139HERUVJ35,Juan,Smeeth,Cuerdall,1981-10-11
WUMM153058FNVGDL98,Floria,Featenby,Monelle,1924-12-10
DLWL529064FIOXOT41,Rosemonde,Swayte,Fernez,1978-06-15
UMCE528328HUBGRK86,Zane,Dunk,Hardingham,1998-03-01
PHJX489013HZRSGS60,Tibold,Dankersley,Stirrup,1954-01-05
NCCO934146HSLTAH14,Venus,Boat,Kilpatrick,1978-07-24
KRUY570539FVXVKT67,Deeyn,Valencia,Clyde,1931-09-18
OVRZ036659FZCRWI07,Torrence,Marskell,Giddins,1998-08-20
NYEG386568FHOVQU96,Jemima,Sharram,Nend,1966-05-01
XIVU362211FHYHQR55,Sutherlan,Plumm,Cauthra,1987-11-01
QWXA595457HEJRGO69,Bailie,Doddridge,Creedland,1977-04-09
XCSJ549949HEQQYN11,Edi,Terrill,Cowper,1981-11-12
UZCL121827FIZFRX66,Vaughan,Hennington,Canny,1940-02-06
MDFN959280HVYLAV57,Antin,Cockcroft,Keme,1996-07-10
CKWH863250FPVXDX83,Edouard,Peert,Emery,1965-11-09
KJEZ338711FJBUNP23,Marlon,Jimson,Pales,1978-04-30
UPEX739786FIHHLJ04,Nadine,Rignoldes,Baradel,1971-01-18
BSWQ404189HRQXLY12,Tommie,Stronach,Jurges,1969-03-09
XCGB736559FOOYZE72,Van,Calwell,Tomich,1955-09-20
AQZV023792HJCMCY54,Roderick,Alvares,Gissing,1937-02-12
KBVL601475FQINEO66,Robb,Gillatt,Paten,1999-06-18
DBCV559305FPGLBA28,Melonie,Izkovitch,Koch,1953-11-23
EBYQ443419FIKECW03,Bobbi,Askam,Neles,1932-05-06
FBMP758230FVBRVG92,Suzann,Palliser,Dew,1935-09-28
RWDN779417FZOCDU81,Iolande,Sacase,Zuanazzi,1953-11-16
IGGU116504FRURIF50,Torrey,Biesinger,McGeechan,1971-05-13
PNKO881039HIZJLE41,Gifford,Fritchley,Schulze,1947-03-11
ZOJA161143HXOQSL06,Orland,Janks,Onthank,1965-11-10
RNOD813480FHGNTC52,Mel,Jakubovicz,Kubiak,1926-01-19
DFAY961614HFBHQJ84,Archibold,Croneen,Pedgrift,1952-10-30
RRGB894932FSQQTT51,Alfred,Gwynn,Townend,1983-09-26
PNAB559134HXLGLV43,Torrey,Boken,Alonso,1964-03-04
HVUY758705HWWGMY08,Rocky,Peachman,Belderfield,1926-07-22
VDZY163921FWLEYS63,Damara,Hackly,Kelf,1978-05-09
XFTL178971HHMQZT40,Alice,Sundin,Quenell,1959-08-20
CCQG816504HDVQOD53,Catherine,Ivanov,O' Loughran,1945-04-07
TKNV322345FKSPPS60,Brandea,Chaudrelle,Greengrass,1999-08-09
DHPX287086FESMAW04,Kania,Danbye,MacPaik,1925-12-05
YUJW727882FDKNYC94,Clem,Grundon,Neate,1930-05-22
QLCI296391HWSSTP14,Mira,Ambrosini,Dominguez,1935-02-07
PNNM960707HKXTAM53,Gustaf,Joiris,Streat,1965-08-23
QCHP521611HCUBYK09,Wylie,Dodell,Millichap,1984-09-13
KVBK827431FBIYSM05,Elbertine,Langman,Chatain,1993-04-19
HVBM366674HTLIGU44,Kitti,Hackworthy,Bourgourd,1995-11-17
AVCL520886FXMVPZ67,Kellyann,Cumberland,Astupenas,1939-03-21
YSXV848571HEDYBZ00,Ted,Sheward,Cockcroft,1934-12-09
BONG200392HTHRLE05,Karrah,Borit,D'Arrigo,1957-01-21
VMNJ643762FDUJJX13,Kele,Godding,Finnigan,1949-12-14
WQHR809500FLIEEH94,Roslyn,Yitshak,Wilcocks,1970-12-10
QRYB834894FGJLLT78,Dasie,Vink,Eisikowitch,1925-01-06
ZGVQ792542FLPOPA28,Sofie,O'Harney,Boykett,2004-03-23
PBGZ916364HDXKVL97,Mary,Swinbourne,Prudence,1924-03-28
VWQM630162HNNURM80,Dalis,Arnoldi,Thiem,1965-12-22
IPOU978068FTEOWV57,Olimpia,Lighten,Bloxland,1972-04-24
AOLY363769FHEPUE83,Keslie,Vasyuchov,Aslen,1962-12-09
GHCJ004161FGTPTQ95,Kevon,Antusch,Ivannikov,1944-02-06
XRVM311875FJVIDO19,Emmey,Cottu,Pilmoor,1944-10-15
AAQZ312313FGZJIS31,Rosanna,Pleace,Peiser,1959-07-10
BHXW998885FIRMZU98,Anton,Eaddy,Minor,1936-05-14
YISC685367FDRMUE41,Catlin,Balasini,Pedrick,1991-02-11
BILO521792FCTHSN02,Wendi,Pickersail,Agett,1978-02-08
UGSV822607FWCHPA89,Kellsie,Cleaton,Migheli,1944-03-29
JDBG207372FKXUQM90,Hermina,Egglestone,Suche,1972-10-02
ZCMJ316814FFUWNJ97,Kendrick,Goundry,Hacquoil,1955-11-25
URTW473196HDURFU40,Dore,Ambrogioni,Stansbury,1984-12-25
QIHV246927HULAJR95,Vance,Peaden,Arrigo,1985-10-05
MAOK092011FRGOEM35,Quinlan,Slayford,Flattman,1932-09-17
HKGI891024FVQVIE68,Filippo,Meysham,Bouttell,1977-08-06
KSZH663877FVNPLP72,Avrit,Hart,Bruun,1975-10-28
UPQE581833FMTNIJ99,Rasla,Leopard,Mattussevich,1944-11-29
LRUY592476HZCLLT64,Thomas,Leathem,Nelthropp,1930-01-23
XUGI446320FYMURL48,Ches,Phuprate,Heliet,1939-03-15
AVRZ998239FHWCAS26,Mallory,Turnbull,Tittletross,1965-08-21
COEH407116HSEQVS22,Marisa,Corris,Cassley,1925-07-13
DKLW569371FSKKHS03,De witt,Tadgell,Crammy,1941-10-08
NZUM720883FIULED87,Gerek,Lilburn,Berthe,2001-10-07
IAZO598843HIJUIY59,Hailee,Pluthero,Banbrigge,1997-03-16
DXZP627900FSZTOQ22,Esme,Boerderman,Bellefant,1946-03-26
GNBD456274HLQMDA72,Mignonne,Durdle,Denis,1966-04-25
LSTP731578FCSVFH83,Krystyna,Chinnock,Vaune,1966-12-11
NIXG951292HIOIDN00,Mirabel,Bircher,Walkling,1932-06-09
KFQT596685FTHIXO19,Ange,Piquard,Ber,1963-11-26
IQRZ338935HQWPWE79,Bard,Wais,Gummery,1926-11-11
KGZD111190FCRCTK62,Arabelle,Bramwell,Greenly,1928-11-04
NGGQ970904FJMAWY53,Feodor,Clemot,Screech,1991-03-15
CEBJ910450HGNQPP41,Lavena,Verdy,Kirkby,1967-10-16
QLBE909469HWMLUK28,Teddie,Bazelle,Divine,1982-12-31
HLUG895058FFDWJC89,Garey,Andrews,Aldrich,1970-04-27
BIFD853115FOCAYL25,Randall,Peppard,Playford,1990-10-21
YRJG906309FDJLRP39,Fania,Stenhouse,Dinse,1992-09-17
IAYC703682HZGCIW30,Dennie,Haywood,Dewerson,1935-08-09
VION177352FYAGXE63,Hedvige,Furse,Phorsby,1999-09-12
RXQU271677HVZXEE81,Tammy,Canete,MacFaell,1928-02-08
DLSN543333HWUHTR26,Lexie,Overton,Vlasenko,1996-05-31
TUIK352683HURQRR13,Ford,Damiral,Vanyutin,1934-02-13
AJUR495066FCNQEB02,Winthrop,Copeland,McDonagh,1973-02-28
DJNY074146HGTIMK20,Berthe,Bampton,Losseljong,1994-12-01
WNYP031496FALPZX95,Kirstyn,Girardeau,Botcherby,1971-09-15
ZTCM022710FYPARU59,Maxim,Oliphant,Mattiello,1932-02-25
TYRK847794FEVUJU39,Kaela,Tonepohl,Shynn,1926-06-25
SJJN824235HHYMQK83,Juliana,Bartoszewicz,Flemmich,1956-05-13
WBSD749015HZOFRZ53,Morgan,Betteney,Paley,1941-09-08
EVFA533098HWIZZL57,Schuyler,Lurcock,Sanson,1982-10-15
PTQJ751009FKSBZZ04,Derwin,Trymme,Foro,1942-07-31
KBZZ356732HLKVGC86,Ginny,Torfin,Headey,1967-04-23
LSRC116852HQQQOV18,Cello,Cockerell,Eginton,1982-04-18
MVCL898812FUSYAT58,Stanislaus,Puttnam,Shiel,1929-06-10
SHKZ818672FPYNXL56,Iorgo,Bazek,Sone,1948-01-15
ECXM414509FNEKLR08,Amabel,MacAllister,Thecham,1944-07-07
WFDE048067HKFSTZ52,Teodoor,Scamerdine,Southcott,1992-11-18
ZEKT642804HBDACT44,Bank,Crayker,Hubbuck,1946-08-31
GFLG654318FMXMXH63,Reinwald,Kyneton,Arckoll,1983-11-03
YZCF334088HQGBRU46,Claude,Wayvill,cornhill,1954-05-08
YLVE434260HCRZSL48,Benjamen,Vidineev,Yarker,1926-11-08
FTDX037278FBSLDK32,Kaiser,Scala,Foster-Smith,1953-02-05
FTKB287207HVGPOC23,Jehu,Lanning,Shutler,1981-09-24
IMXD846754FNNOHT16,Jessa,Lomasny,Bourget,1971-10-31
BYSO681474FXHBEB20,Siffre,Lighton,Walters,1990-10-04
ISCY080854FSZPHG95,Ardyth,Kelston,Melody,1961-04-25
DGBM429486HMPIUR71,Rasia,Cheevers,Beynke,2000-01-15
AXVS570952HHTBFR27,Jackson,Gribbin,Thrush,1974-06-21
IXQO453153FAKMWG56,Davie,Gilhouley,Commins,2002-08-06
KGAT645938HJHOVB67,Cecily,Aymes,Skough,1975-12-27
BYGV314233FNGYWE41,Konstanze,L'Episcopi,Todarini,1999-03-05
SQBY784561FGWPOC34,Rosalie,Harteley,Finlator,1980-03-08
AUOI417690HVZERN97,Filberte,Spradbery,Robbe,1960-01-22
WUYU375561FHIYLX63,Dorey,Szymczyk,Smallridge,1962-09-02
WUKM051011HOJJSZ50,Eduard,Brimner,Voce,1950-02-15
ZLVO461484FHLLEY44,Risa,Eustis,Duffield,1990-11-07
XBGY355935FQZLAL03,Mylo,Teodoro,Martinat,1983-08-06
PNZD900764HQBJOA01,Herbie,Mowday,Trainer,1990-07-27
OYCK272977HGHUGI02,Ariella,Shickle,Glass,1983-12-09
WYMT580520HVHTLM89,Dalenna,Tidbold,Lilleman,1977-06-16
YXVN436643HVPTTD26,Pauletta,Sarton,McCandless,1957-08-10
JSAU215162HAETOB89,Ted,Chasier,Hargreaves,1978-05-15
FBPU322559HISAZE38,Sheba,Delamaine,Close,1956-05-17
PLSU965767FREAQC53,Reggis,Maier,Geering,1927-04-08
CFWW442910HLKQQL23,Helen-elizabeth,Revel,Ruckert,2003-09-25
AXNB352778HZNKDV13,Dorene,Spacy,Dee,1933-11-04
FEVC830694FESSTF73,Otho,Kirkebye,Nelsey,1932-10-23
RCTQ964765HUDPNR98,Cristionna,Hosby,Dorre,1946-11-06
ZQKG792795HMDHNK72,Elbertina,Boulger,Antyukhin,1983-06-08
MWZI888840HBCLDF34,Tressa,Rotham,Miller,1997-10-22
EGSP399049FNDNKF08,Aluino,Lancett,Romagnosi,2004-06-11
IEQB694256FQCNYY04,Wolfie,Roderigo,Dallman,1933-01-09
BJON972366HVCJUB49,Tully,Ambler,Kubacki,1941-08-08
HSDE791599HEERQB48,Benito,Cleft,Goodey,2004-12-14
XECV416583FPYBRM80,Regina,Shelborne,Ife,2004-07-30
ZXMH122001HATAAN18,Lona,Cooke,Skea,1973-08-09
AJAV465929HVXXQE38,Welsh,Huster,Ewols,1946-04-12
EKLS618339HKULMY55,Sabina,Liddy,McRitchie,1985-05-23
AKCW523194HVNXTK64,Crysta,Luter,Teasell,1985-08-24
PGVU424258HWZIDI96,Wally,Cluckie,Giovannacc@i,1995-01-06
REZO420563HJUPAJ11,Brockie,Humpatch,Mathivat,1976-03-26
OXLI331928HPLCVC08,Verena,Bradane,Tzuker,1977-07-24
GBSH315436FIMKGM95,Nat,Lindsell,Rycraft,1970-12-12
JXJU133450FGUDHM01,Bartram,Menzies,Struys,1953-07-31
PEZF881016HNLNBC30,Susana,Sadler,Erlam,1936-04-05
TFEW553217FAJKDL89,Moses,Broadwell,Fearneley,1956-09-19
HONY649460FQWBLU69,Lyndy,Wilford,Lurriman,1982-01-17
XROM210281HJORYP45,Jannelle,Delete,Aindrais,1981-05-17
AXPG099227FLUPDA55,Shane,Adlam,Longega,1953-12-13
VIFZ723361HQGDMN56,Woodman,Bysshe,Doncaster,1953-04-17
XIBI935954FCEYPS54,Merv,Matessian,Lyver,1938-04-29
XPSK400381HBRVZO19,Paola,Pocklington,Bogays,1958-07-02
JVHX325048HDGYWU62,Flossy,Frye,Ferrierio,1933-02-21
OFKZ906505FMXFFH97,Forbes,Gulliver,Usher,1968-12-19
AVYA369268HGIALU36,Elbert,Roy,Fivey,1985-02-21
UBWO176069FPVQYL62,Deck,Grisdale,Nelane,1941-03-17
JVYB406376HGAUDL70,Tannie,Mohan,Merriment,1947-09-06
EEGJ807032FGCOLG08,Nerita,La Croce,Hans,1996-02-28
HQBH914337HCTLKJ57,Oneida,Gairdner,Hamblett,1991-04-28
ZLWH707506HQYIEH35,Rani,Delieu,Unsworth,1941-07-01
QUKI408505HFKURS52,Victor,Hargate,Whitley,1956-12-24
WEJW424894HFLNGL05,Darcie,Orteau,Ziems,1980-07-02
MGFC697740HCDQDG43,Xylia,Stockey,Featherstonehaugh,1953-05-05
DHAV296277FPFFED71,Leonerd,Hamblett,Garthland,1984-08-23
MFGS893519HGRJZW53,Zachery,Banford,Wakefield,1982-09-24
XAQG334845FCWXBZ57,Audrie,Adamou,Small,1938-08-24
QKBW905511HNHVUO24,Nanon,Masding,Smallbone,1975-02-23
SSNJ171122HGTLPR52,Bryan,Brient,Storror,1973-09-08
PCJA633178FYRGSZ33,Milicent,Crowche,Stuckow,1964-04-07
CQSO721768FAPLAV32,Carolan,Howatt,Cuxson,1947-11-25
PEQF629515FRBRMY42,Jonah,Breeds,Millgate,1983-12-03
YYNS937869HOMHWC98,Bertrando,Coltherd,Beamiss,1973-10-24
OTMZ109135HXYIRT10,Verney,Heiner,McCart,1990-07-30
RTFF057237HJZLLX85,Demetra,Hatton,Huggan,1986-02-24
NKAC607188FFGNEO43,Geoffry,Standeven,Cantillion,1925-01-09
REVO679246FWKIXS96,Katharine,Wilsone,Lemonnier,1984-10-19
VAVG915935FLYGTS80,Melamie,Koomar,Colt,1964-08-04
LBFD561828HBNBWA48,Georgiana,Milland,Joblin,1935-03-14
YVQQ596731FVZLSI62,Roley,Thurber,Duffin,1942-04-12
YIHF354219HEMDTQ15,Chico,Le Clercq,Leeson,1992-12-12
PDRJ982823HVQHFZ64,Brad,Le Jean,Graham,1924-07-07
TPGR031044FXNXRU87,Orly,Hartin,Spedroni,1963-03-16
VJER960401HQWDZP40,Moore,Lillegard,Agostini,1995-05-06
UEHU290005FTBBNP46,Marcelia,Mapis,Kebbell,1979-12-18
GOXE968515HGOSVT02,Jeremias,Meacher,Galpen,2002-09-24
MNYT085201HQGJSH81,Pegeen,Langlands,Pickworth,2000-06-24
KUMT560173HLGCCL26,Marlow,Aris,Lowensohn,1953-04-09
VERJ996462FKYMJK91,Spense,Merrilees,Botger,1927-04-21
YLSZ780071HEIKVX49,Francesco,Bodley,Sotham,1990-05-18
ZXSM103982HPDQVL79,Jeff,Thomas,Castillo,1937-10-03
EJWS916976HOHUSW47,Fabian,Tompkiss,Sherr,1951-02-01
RVTL334388HUCJCU37,Linzy,Grolmann,Loftin,1953-04-09
XMPU853908FDVPKS91,Jacquetta,Van Leeuwen,Beacom,1990-07-06
HCRN081648HSWYSW02,Shell,Brammall,Jobbings,1971-10-13
TKKK771114HDEPFW75,Corey,Menel,Rentelll,1951-05-02
NTXG695227HVSLJG67,Ram,Nunson,Veal,1966-01-11
HZNY252901FMVKQB34,Audrie,Rentcome,Stormouth,1960-11-02
CUSF094767HZQRVE54,Cindi,Aartsen,Dinnies,1995-08-12
YURR176951HNYMID54,Mollee,Craze,Dows,1944-11-27
CSAL738943FOSZIJ10,Golda,Leither,Oakenfall,1939-12-05
NYLP288472FRXIOX84,Hunfredo,Rattenbury,Furmenger,1937-11-19
QVBX906745FRDJUP25,Torr,Dautry,Gair,1955-01-14
FSLK162284HYZKJS09,Derwin,Warhurst,Philott,1933-11-13
UKEH289152FCGDXX26,Beth,Mintrim,Clashe,1995-08-13
GGWJ653826FIJCGO94,Crin,Smeaton,Le Grys,1976-06-04
XXZI677730FWZPRL77,Andrea,Stealy,Dallewater,1985-06-29
XGQW263085FOMCDL37,Grace,Christy,Partington,1973-05-22
AXJE737356FLMXLD83,Jody,Twede,Diament,1981-07-20
VPCL216392FSSNQH46,Stacy,Done,Ivasechko,1969-11-25
FLTN992861FWZVGJ38,Kelsy,Harkin,Dishman,1963-02-11
VBRD057384FMVLNF21,Chan,Mattacks,Pesticcio,1927-11-20
WBCL690304FKNPSU88,Adlai,Melonby,Conybear,1974-06-22
CGFL532687FXQREW23,Johnny,Palia,MacDearmid,1944-07-24
IBSW867576HFJLOX45,Mikaela,Allcorn,Bentick,2004-03-17
PYPS099544HINREA09,Davey,Mitrovic,Scarman,1925-09-04
VJYR002291HXVIKX02,Feliks,Mattiuzzi,Northill,1976-01-10
QQFF860438FQHBUM50,Doti,Wrassell,McElwee,1960-02-22
IYPA293842FSLYRH15,Oliy,Ravenhills,Harrison,2002-08-02
WHWE957382HYTOJZ82,Bendite,Dwelley,Filyushkin,2003-02-28
PWJR067797HRQDMI08,Berke,Boerder,Minghi,1991-07-26
NAYQ761586FCPOCJ48,Bernice,Pietrowicz,McQuorkell,1978-09-17
HHPG701855HNMPUK85,Quill,Gaffey,Jacmar,1954-01-22
ELAA788753FACESD84,Hailee,Sponer,Gariff,1993-02-17
EWCX271419HTRSFJ55,Alanson,Rawsthorne,Shepley,1925-07-20
QWEC205501FVSOIJ37,Mariann,Vidloc,Kettell,1971-03-17
RXHS129504FUJKJA48,Nikolai,Helder,Whitlam,1970-09-25
KPKP557022FJZHJP42,Reggy,Schaffler,Eason,1989-08-17
PLQT795276FVUNMH15,Royall,Gavigan,Gusticke,1990-11-11
EVQK984464HLAQAV12,Jimmy,Freddi,Colquyte,1947-08-13
GEPH368741HYBGFJ28,Theobald,Vyvyan,Grendon,2001-08-10
RJJC905234HLYDJV18,Lucretia,Fishbourne,Escalero,1953-07-09
NOKY512161HGEXTB20,Dannel,Esch,Gencke,1987-03-13
PCAZ749048HVTTMN72,Delmore,Skoate,Alcalde,1995-01-28
MWIM236209HXYZUB68,Devlin,Galletley,Alanbrooke,1953-02-09
VLDI728130HNPEDW49,Mariquilla,Beavers,Fardoe,1951-09-06
ORPS328995FDUDSY31,Eada,Salvidge,Gath,1980-02-19
PLHY634056HJPQGW21,Fayre,Provost,Breagan,1993-08-05
ZHCD108752HDZPHY39,Abba,MacKeague,Adair,1999-01-12
OHER159199HTAZXC36,Vicky,Chippendale,Dri,1987-11-13
YXUF751057HDDTYX95,Alameda,Castanone,Bounds,1983-06-05
ZUZA228743HPZMYL98,Merola,MacMeanma,Colliford,1936-01-03
KVLC670773FBGFTN48,Lenna,Hussy,Mirando,1958-10-02
CQGL494516FISWRT71,Feodora,Rofe,Gilham,1929-01-17
FLGC830619HRCHKC74,Libbey,Drinkhill,MacKall,1925-12-30
RYVM140122HBNAMC25,Murdoch,Leakner,Niccols,1978-06-28
CAUK131005HNAGAJ58,Bryana,Faber,Pooly,1966-07-21
DPPQ731592FAIDSB22,Berta,Andreazzi,De Giorgi,1986-05-16
THYA815821FLOWQK95,Bobbie,Richards,Peasnone,1947-09-27
TLOG068486HTRFTD70,Glen,Housen,Charnley,1933-07-25
AVGZ095388HNUTXC57,Lorena,Treswell,Demetr,1941-10-18
VWJT031197HQYUPA72,Darnell,Spivie,Housego,1929-05-07
QHYG064082HFCVNL96,Aura,Dykas,Zanardii,1964-12-24
YWMI130121HWMYTE34,Jone,Drennan,Rydeard,1947-03-27
NEWM775169FMHJTO19,Ursa,Drogan,Paterno,1997-06-04
QIPG267765HSXQXX96,Marybelle,Winscum,Brose,1953-03-23
KDIC605730HZRGKU38,Burke,La Torre,Giblett,1938-03-08
RWLY551026HOFEZG60,Angeli,Katt,Essberger,1984-01-28
QIUE327504HPNPSM10,Beverley,Gawkes,Fenby,1949-06-01
QBOT711079HUWTMZ76,Sal,Delue,Brecher,1987-09-28
ZDIT541297FFYWLK76,Emory,Feechan,Barron,1934-11-04
KSQA157908FGPPSP74,Ulick,Jenks,Brookesbie,1990-05-01
UTSA395077HTEPUN05,Vidovik,Sneath,Athey,1971-01-27
RFWV105415HOZTPY90,Essy,Gorbell,Shugg,1928-04-20
GVRP784996HDURDS02,Sheena,Gainsboro,Cottam,1956-06-14
QPQW225025HFQGAF01,Massimo,Addington,Gellately,1985-11-30
XUBV738700HYCKQD32,Quinta,Grahame,Greason,1927-09-21
ECKY557743HJEZMI41,Angy,Flatte,Eldredge,1952-12-05
MOVN098004HGCKJM65,Gerrie,Hake,Stuckey,1960-06-02
FYQR854414HLBXUR48,Hal,Streetley,Kirkup,1964-09-20
IQBH554485FSLZPN03,Bertha,Astlett,Concklin,1932-03-23
CWUA837486FBHKMT69,Etti,Tierney,Haker,1971-10-20
XPXO498038FOGKQP13,Maxine,Blew,Petrelli,1928-02-05
GFXN290588HZRNWM11,Georgianne,Gillow,Hegerty,1957-08-21
MXID108815HYHFZS97,Harrison,Prestie,Ainley,1974-01-06
NXYK484321FIWXPU34,Cleopatra,Kinze,Antyshev,1957-10-02
XILK373651HAIITM61,Jecho,Loren,Yankeev,1928-07-30
DSSE085666HNCDCX97,Keely,Matczak,Iddons,1953-03-22
YSJS893143HLLZHN68,Nicolea,Jardein,Salatino,1964-08-18
KWJF471390FPSDIZ72,Benny,McCarroll,Dell'Abbate,1993-09-28
ATJT058263HNASDP04,Bradan,Southam,Comford,2001-07-20
NXWT943703FTNIEL64,Burl,Coggill,Carbert,1980-06-04
FODN656750HXONIT13,Travis,Luppitt,Dawe,1986-06-21
QCOS420214FWNHDS94,Ezequiel,Grzesiak,Dannel,1994-10-05
WJCP294839HUACPI38,Rosalind,Creighton,Kingdom,1935-05-15
MPJB956125HBVYJO21,Filippa,MacGahy,Whale,1923-06-20
BMCM262348FTIKLI48,Phaidra,Lewtey,Allonby,1969-01-02
AFUF560869HFVLHS05,Pooh,Vevers,Rosita,1967-07-21
EPST215330FYQMWO09,Andree,Widdall,Plewman,1975-07-16
GCDJ189251FJHGKP55,Nevins,Neate,Rabjohn,2003-04-18
FHPW432516FJLWNN04,Onfre,Attyeo,Ascraft,1992-05-28
MHWA289502HPAAWC35,Friedrick,Selkirk,Sire,1979-09-05
BITP269757FGWJWK86,Maddie,Tilt,Boow,1989-08-30
BJUV837614HMSQYT49,Leisha,Howsego,Vanyashkin,1973-02-16
YTHR938947HUQVSO54,Kissiah,Standeven,Reignard,1963-01-20
BOLS075009HKYCSM13,Towney,Sprake,Vanderson,1960-01-18
YLUB788947FYZQKD65,Jermaine,Grundwater,Laux,1992-01-29
KNUY513810FVVLYA68,Aloisia,Bricknall,Linfitt,1986-10-20
LBOT729713HTTIAX89,Lacy,Benkin,Epgrave,1982-03-19
NPAE705819FMKZVU08,Gretta,Lynthal,Dumbarton,1933-10-30
YYDA918928HKRADL70,Jessey,Berrigan,Brocklesby,1976-08-13
PZXO084426HTCZMP09,Kendell,Bleue,McGaffey,1987-08-23
BDFJ356317FUWZQJ01,Shelagh,Duck,Glamart,1962-01-05
BEYX967788FUCTQA33,Caleb,Thornewill,Bresnahan,1949-02-16
WFWU894418HAQFLX13,Alison,Rothman,McMonnies,1939-08-15
OSHB835427HRSADV05,Susana,Grenfell,Bourhill,1968-12-09
PODZ630769HNFGZC39,Ynes,Cockcroft,Kabos,1971-09-24
XRPC643569HGGHDW48,Kial,Mizzen,Brotherton,1954-01-17
EJHM963774HPZCWG48,Gayelord,Crofts,Kimble,1935-05-29
KBZD368180HVWZKA19,Claudianus,Bellamy,Hovel,1975-02-26
XAAY639794HHOQQB90,Reeta,Mylechreest,Roark,1967-07-21
IYWR275165HOHFYK65,Bride,Castillo,Caustick,1977-06-11
VRFJ469855FGXBEW03,Winnifred,Ravenshaw,Petrussi,1924-08-10
LRZW484978FFSETB96,Crissie,Peeke-Vout,Slinger,1951-10-20
JOWE259953FDADNE94,Wallis,Flade,Frostdicke,1956-08-09
JOYG665435HCRWAG12,Dayle,Meaders,Scanlan,1942-05-28
LPPP412033HBIXGY05,Natalee,Shalcras,Lovick,1942-11-10
BMZK513026FJZQID97,Valentin,Cumbridge,Gors,1992-04-25
NXSH023213HJLXEN75,Kenna,Grosvenor,Hagan,1986-05-08
DTJB447400HTKTMZ88,Beatriz,Local,Ehlerding,1956-11-11
JXSY360826FFLFDQ14,Linnie,Scottesmoor,Viveash,1966-01-29
GKDP883093FWPWIE12,Verene,Cargo,Boother,1938-06-24
RHFB728521HCPJTG89,Cynde,Surgeoner,Hugli,1981-09-22
UVYE934842FFRDOK90,Martin,Gammell,Gabala,1940-11-15
NMCP208311HSPAZK01,Evin,Apple,Cahani,1961-11-21
NQCA346926HGTPYA37,Randell,Shutte,Fludgate,1926-06-25
ESBS470103FMBJSR42,Hatty,Page,Fettis,1924-08-21
XELC457157FPHQZP46,Cleo,Clemente,Cuxon,1925-07-06
SZEE455330FAMDSH24,Em,Ferronel,Arundel,1944-09-10
NRXR848537FFWPVO42,Welby,Gall,Tuminini,1972-08-29
LDHV591555FLAPAP47,Florette,Legg,Moysey,1961-08-06
PSQE224452HQETDF37,Addia,Griffithe,Haryngton,2003-01-25
TCXN727117HTXSTA89,Vivienne,Bragger,Gareisr,1996-07-31
TPHD637293FXXWDQ53,Colet,Kezor,Broady,1931-09-16
EDRJ884172HOATHH94,Elisa,Grzelak,Pennell,1928-11-12
DZLP116052FGAUYI53,Perri,Pendrich,Gostyke,1999-09-17
GQZV963442FHTNOP28,Katti,Kinzett,Comolli,1984-06-19
JKIP108967FPIHIW69,Kermie,Hurton,Marskell,1941-10-27
BYIS314830FLJSSJ53,Stepha,Boldison,Vaugham,1930-05-21
HYGG919809HDYKDU88,Michal,Rust,Ritmeyer,1972-07-28
CHLJ990359FRROUT09,Siobhan,Jagiello,Shavel,1995-07-12
XBUP119765HKIASF34,Harald,Ivic,Wellbeloved,1951-08-28
YCHW384204HMRPKN82,Tedra,Jann,Tapton,1960-08-23
ROPH557894FUVZIM47,Odette,Fagge,Cupitt,1970-05-02
DPKP620073FOHDGH25,Collette,Abrashkin,Pacquet,1977-10-22
PLLU619743HYCAVN51,Chelsy,Caygill,Brosch,1951-05-26
JRJT790276FWNIPQ94,Gerik,Salvatore,Garley,1956-09-04
URSZ562669HTXQFE64,Cara,Vidler,Kivits,1962-10-15
MZUG408590FCLASE27,Adriano,Gaveltone,Vick,1966-06-14
MDFX262073FLZLFX02,Filberte,Kruse,Asher,1988-04-11
JJFZ882093HBTVWO48,Darius,Rivelon,Apedaile,1947-12-06
JNJN312501FDOECP96,Tobit,Phoebe,MacGilpatrick,1953-03-29
UROD457694FHAZBK74,Mehetabel,Croxley,Vowden,1939-07-13
LWXF657235FQHUCT81,Olly,Duprey,Grissett,1982-03-31
VIKW966463HBBPNE64,Frederica,Stonhard,Sturrock,2003-09-21
ULLQ243567HJBYGA31,Demetris,Andrich,Badrick,1975-11-13
WBSW802650FZWPVH40,Hermia,Davidge,Aleksandrikin,1978-02-18
JUXZ576177FZJLVP57,Hermann,Easterfield,Jephson,1956-10-31
KRIC534243FFUMUR07,Burlie,Riolfo,Zellick,1944-01-11
JVKQ992415FRMLEK68,Wilmette,Merrison,Muggeridge,1975-05-22
QBIJ929425FMCYVA72,Julius,Camell,Frossell,1936-06-19
VEEA249853HPQDNJ85,Arielle,Falls,Hotton,1932-01-06
DHVR589313HCXTVR11,Leicester,Philbrook,Peyro,1936-04-30
HVPX557572HLMOVC64,Marci,Gietz,Steptoe,1996-10-29
OYEE091056FQXNQO98,John,Blandford,Lucock,1933-08-24
CXRL936486HWZNXZ65,Brande,Pargent,O'Hartnett,1945-03-29
KQVG316146FNJMFW11,Keslie,Gauge,Krollmann,1964-07-05
LQWM800262HYQEQS46,Dareen,Darlington,Nono,1983-03-01
TPAD502657HJSBAB45,Rodi,Labet,Penburton,1948-11-17
UMCO194893HIMOXB18,Goran,Feldhuhn,Braund,1931-06-30
ONQT149686HGNDKU63,Kalle,Moyes,Arnaudi,1970-11-17
KYPG739751FKHXEB71,Laurice,Rosthorn,Liebermann,1995-09-17
FPZG684625FYFTDQ07,Helga,Wimbush,Malley,1942-06-28
HKYT545670HLFOWB89,Myrtle,Espinazo,Bollans,1986-10-26
XZPS561675HAGHHG86,Davida,Wofenden,Tomaskunas,1952-12-20
VJGF354365FLXEEI47,Pedro,Dubose,Stangroom,1925-12-02
QYID715298FNYLIW58,Kip,Heinert,Honniebal,1973-12-11
CKNX109804HDTZWR70,Shepard,France,Kerin,1936-09-15
TNST925312HTNTWB82,Carlen,Beentjes,Baseke,1988-01-15
CNTN092229HIAQCN06,Richart,Hegerty,Saffrin,1930-04-23
CYLI724414FEUWFW38,Alix,Crocroft,Harverson,1970-05-31
ASXO873173HTMSMD21,Faydra,Stapele,Orta,1962-05-01
FLLX686747FJFNXX59,Marchelle,Incogna,Lavigne,1930-03-10
GZQA036244FDHUUU93,Bryant,Eason,Tanner,1998-04-12
PRCO312757FLWSKN25,Wye,Ianniello,Cockhill,1954-04-15
FMEQ620453HUIBTP77,Aube,Castanaga,Jerratsch,1995-08-09
JUXB104458HLEMAD50,Art,Sleith,Lodewick,1993-08-30
MNSY419622FIONPP54,Jonah,Feakins,Braybrook,1983-05-05
PGQS119532FHDJES49,Cherrita,Moresby,Streetfield,1934-03-08
KJQB228028FFJBYA69,Cristabel,Evison,Lempke,1935-08-22
SXHS071016HZOWEY13,Bartolomeo,Aluard,Adame,1928-09-26
VXQC027422HKLDST66,Berrie,Ryce,Baudains,1985-08-12
IQOJ439961FVOCOG60,Grace,Rain,Menloe,1928-12-09
AKPO921307FEDSZR94,Rochette,Glassford,Fargher,1981-11-08
LQTH725598HKZOKW00,Clementina,Damrell,Spearing,1946-06-05
SKVI070739HICQMN32,Orelee,Croson,Threadgold,1995-12-18
SVJG690940FERIWX28,Lucas,Henryson,Ferras,1944-04-01
OMJM012167HFPIVG99,Ive,Worpole,Sawart,1979-10-16
QCKV582529FAQJQL48,Lib,Mowles,Kliment,1946-11-27
XVQS454345FTPWFO63,Nolly,Zelake,Hynde,1986-11-07
XSQY311664FQZYPF21,Chick,Maasz,Elderfield,1992-02-25
TRGH430436FHLUUZ51,Rudd,Finlan,Wozencraft,1985-06-11
IQUX824894HWCVGF64,Averill,Phlipon,Philpault,1967-10-31
XVTF466850FQIJWN20,Debor,Gellett,Fante,1961-10-21
XTZP242255HKUHPE41,Elvera,Stutard,Yanele,1999-05-04
ZEYB323260HCLEJY25,Bowie,Farndale,Howells,1962-06-13
OTVA625090HQQZHT73,Adrian,Hammor,McNess,1958-12-01
QFOU095205HGMENT10,Madge,Askie,Gehrels,1953-01-19
TLYX254030FHFODF59,Correna,de Bullion,Biggans,1932-10-12
CHKR112735HIBUFM45,Ronni,Novis,Rolfe,1943-02-19
BVIO180142HANDUE90,Selina,Drust,Sherringham,1953-06-06
WYBE904792FFYUTU60,Marika,Glander,Lindhe,1926-09-29
SMHM990196HRGLUF63,Jemimah,Mattheus,Udall,1931-12-01
JNIP634615HVXOWC21,Tally,Hinze,Crosfeld,1992-09-06
HDZE550395HFYYYW89,Sheelah,Tapscott,Walisiak,1995-09-13
FLAB023192HUIKIB26,Julita,Adamik,Tupling,1930-01-22
POSH820410HRJIVM45,Zaccaria,Elintune,MacAne,1971-09-12
IHXO539147FBVQGT24,Tomasina,Coppens,Whales,1949-09-17
PNNX743878FJOTLL44,Letizia,Stempe,Saunderson,1959-09-14
WYII366839HMFKPP82,Pauli,Arblaster,Shannahan,1959-05-29
MYHG563838HDOZQP04,Sherlock,Fegan,Seczyk,1976-03-30
GRFM356659FPYVHN46,Cesaro,Whitley,Roscamps,1956-12-05
GETT045512HPIXJI04,Mallory,Bradwell,Ringer,1927-03-11
FNYU204131HHCJVW99,Derrek,Causby,Heimes,1940-11-02
DGWG034586HEGXKR57,Kennith,Bennit,Bardsley,1943-11-03
OZIS982830HLLZUC72,Colet,Attwoul,Courtman,1962-05-04
FCVQ008873HOBKFO45,Miguel,Mussetti,Flucks,1969-04-04
QZOX764908HPOTMT07,Letitia,Kix,Ulyat,1950-07-24
VUVR461190FVBLST27,Rebekah,Udie,Thackeray,1955-11-29
BTEF676899HOLXGO25,Laney,Garstan,Habishaw,1948-08-15
PTZQ423986FVIUVI65,Roanna,Twinn,McCorkindale,1985-12-20
LLPU556377FDWBBY49,Prue,Edser,Wain,1956-05-18
ENVT094251HLVIEL04,Kattie,Callister,Grunwall,1963-08-31
JCAC063357HHOFJG44,Jacob,Preshous,Cosford,1932-11-14
TWGL930434FCBELV39,Barbie,Wherrit,Rodd,1973-06-05
QUBI747410FQKKOZ13,Nanni,Ligertwood,Brandi,1923-07-28
TLGU609369HSCLWV99,Avrit,Noell,Manston,1948-06-19
BVGS497368FAELRM09,Jephthah,Poulton,Dielhenn,1980-07-13
PGXD578627HASOFP57,Esma,Beastall,Braithwait,1999-07-03
TTOP511963FDAXZI77,Dennet,Glayzer,Yosifov,1952-11-28
HIVA085073FAQQME26,Ariela,Middleweek,Bloggett,1994-09-02
EKUV768618HXYCQA01,Fairleigh,Peiser,Noe,1968-05-08
GGJV068322HICPGV94,Sophie,Hocking,Ege,1924-05-17
GILS746480HSPKZS58,Hurleigh,Gosling,Jardin,2000-03-17
ONDB312735FLGYZQ55,Annabel,Ludy,Colman,1964-06-25
JDGD669521FQWHFD95,Kelsey,Gepp,Heinel,1950-04-02
DBHW591513HVDMAL97,Darnell,Swash,Gadsby,1990-10-04
XZYD758195FRJOXX25,Riordan,Ortmann,Maffezzoli,1959-10-22
XQEI727501HHZXIY26,Gilly,Hursthouse,Warcup,1943-01-27
ETAD872492HDOJKG08,Zedekiah,Redington,Chisholme,1994-03-09
BUSC571088FKQSKQ61,Theadora,Ryrie,Riepel,1988-07-03
ZCET994718FSZTAI01,Stafford,D'Cruze,Betz,1961-12-16
YKYJ035056HSSQVH28,Lynette,Andresser,Mccaull,1949-11-10
TGCN423483HSOQUA22,Josiah,Locker,Hackey,1992-10-16
BJII440324HJNYIM91,Teddy,Spriggen,Lawful,1998-09-10
DZBO280002HAMJHZ10,Sybil,Lownes,Tommei,1969-12-03
JMVC310038FNBGPB55,Gweneth,Soughton,Syddall,1956-01-16
FVRC652471HVDYOF35,Stacee,Cullimore,Heathfield,1973-07-20
BYHO798405FGWUZY82,Frank,Rignold,Moyse,1971-09-22
OWPB090629FYSRGK29,Sibylla,Redit,Rumsey,1956-10-04
MRMG240435HGMMWI76,Lindon,Comley,Blum,1958-02-25
WRLN938118FQOCRY04,Laurena,Michelotti,Spencelayh,1976-09-06
LFEO537146FPUCRC79,Hoyt,Waterstone,Hubbocks,1928-07-16
WVFO975435HIUMZB48,Saxe,Mewe,Iacobini,1949-07-27
MWVZ852440HRCJIG10,Errol,Rogier,Magowan,1939-06-22
AWYA991437FWAWBO06,Briant,Gopsill,Brent,1997-08-21
AZTA318534FUWJOF92,Sigfried,Slipper,Dawid,1978-10-05
ETFU383047FORNWV68,Adan,Sharratt,Ulyatt,1970-11-28
RRCE218141HXBZEF19,Laura,McBayne,Rolfini,1931-07-17
EBZR452684HEUBZW19,Anselm,Ochterlony,Reinard,1963-10-04
WOEB680113FSHVJH73,Moshe,Breheny,Tollfree,1944-09-08
DSSL140495FWWEHJ86,Blinni,Yvens,Piscotti,1982-01-19
ZLHH609324HRQSBA38,Cliff,Fyall,Vaughten,1968-07-20
XWYO480557HXOBLQ78,Chiquia,Hubbucke,Mantz,1981-02-22
TOEG120959HBJOGK57,Derron,Schellig,Uren,1961-08-27
GQVH164969FKNWJN84,Ollie,Thresher,Baston,1988-11-16
WYGF421389FHZASU41,Hazel,Enticknap,Beagin,1969-02-03
YQZT359585FUQCQL79,Aeriel,Cristoforetti,McNeilly,1975-12-26
RRMD231664HEVDZX28,Dena,Fenny,Sloper,1957-07-24
MWYQ731285HTYOYB28,Casi,Amberg,Webburn,1936-08-14
LRJD957852HFXONN08,Toddy,Shah,Boffey,2003-10-08
RMVD164336HKECXO58,Karon,Normavell,Gashion,1934-11-23
VCXE054735FFNMTT12,Elana,Piddock,Dranfield,1943-04-01
TQIW696873HEUCOH82,Bernardina,McArdle,Denton,1950-05-25
BRMK782426HVMTBW93,Oates,Beran,Matheson,1963-10-22
DPRX097305FHXXDA82,Evan,Foulds,Kedward,1939-10-30
PFVZ210836FONDSM83,Danya,Sandal,Velasquez,1979-10-11
NOIL605708HHHGSO51,Kirbee,Byrkmyr,Mowling,1994-10-21
LADA485611HSSQTP83,Blondy,Sings,Gemlbett,1942-03-30
TTZI542806FQENUM64,Teodoor,Windross,Miere,2001-01-22
KJRK925889FALUWM04,Lian,Gergely,Margeram,1991-04-29
RFAJ233153FMYHLV15,Henry,Kraut,Jozsika,1927-08-22
IXOD359984FNUPDF48,Frances,Di Francecshi,Whyler,1959-03-02
SQQI188354FQWQMM42,Bartholomeo,Francey,Antram,1927-06-10
RMTY083318HDKRVN11,Nicolette,Hadwen,Scyone,2001-11-07
PXKG627871FARPNQ28,Paddie,Rozea,Cawte,1997-10-23
LTYR193258HEXUMJ88,Cacilie,Carluccio,Dilrew,1925-06-27
FKOI223120FEBPCY72,Leigh,Glusby,Whiley,1950-07-21
SRCQ418647FPDDYM24,Felike,Tippler,Sarjant,1929-12-03
GJIW446585FJAWIN73,Gabie,Quittonden,Downgate,1925-10-13
KMVB459817HRKWVW17,Adel,Shout,Barneveld,1928-01-11
AXPK000479FSHLBQ80,Christos,Scranny,Fouracres,1978-02-28
WBKS913139FVXWOW42,Angelo,Franzke,Rapin,1956-03-06
MZGX467176HJOFYX38,Uri,Gummory,Fronsek,1923-08-27
WWIF481274HEEQNJ95,Beatrisa,Wenban,Titherington,1958-08-14
BRHI292699HZSAUV40,Martin,Woodroof,Ganter,1969-06-05
THZW525766FRAPMA18,Erek,Gallyon,Beavers,1969-10-07
DJBZ944210HXLSSM61,Husain,Stadding,Grzegorzewski,1946-10-28
LNJX808045HLGHSG65,Ab,Reyson,Bails,1993-02-26
BEYA257498FRGYTL16,Kylie,Dedenham,Feltham,1929-11-30
LZSN867593FKABFD83,Chrystal,Ellar,Quarrell,1955-01-06
FNCR737076HPPZHG21,Bastien,Straniero,Bavister,1957-02-01
MWUR184467HHMXUM21,Deanne,Wollacott,Hopfer,1989-07-08
YCPJ840195HOIZVT99,Cinderella,Guilford,O'Ferris,1965-03-26
HTQX667771FENKWW39,Quintus,Northin,Ould,1936-02-21
AGLH067424HLAYVU75,Rennie,Knewstubb,Yellowlees,1935-09-11
LFZR408342HEEQSZ05,Merlina,Faier,Kneath,1955-03-05
OHRQ383765HEVMBU65,Alanah,Geratasch,Oxterby,1986-07-13
ZIJX093686FNJEDA37,Sofia,Clemente,Borel,1978-04-29
JPJS763763HDGCIX85,Simonne,Eltringham,Hughland,2003-10-31
BXZW311064HJKLEH90,Major,Sopp,Wildbore,2000-08-08
SITO587060HSRAHR81,Scarlet,Mantrip,Banat,1953-04-03
MATY516179HEZDGE26,Mufinella,Oakenford,Grishanin,1939-04-16
CBWD662529FJRBEW90,Kennie,Milington,Cahalin,1937-10-28
PCOW778321HKIDZE29,Tamarra,Prys,Vuittet,1925-09-25
NNZH228249HJBMAU02,Sheba,Matijevic,Ashtonhurst,1927-12-14
LSHR529183HWBHTH73,Lamont,Kimmings,Manilove,1940-03-09
AFHC306924FDXTZU01,Camille,Donavan,Vaux,1936-07-22
JMVV800046HECCFE36,Kennith,Rainton,Gosz,1964-05-21
JQFA733547HJYCTN25,Symon,Tomanek,Boutflour,1934-06-30
JJWH696678FBEPLC11,Devi,Edwards,Curuclis,1981-12-12
XQDL704847HLOOGB49,Tannie,Moff,Forster,1941-12-16
JHJF829206HRMUYU55,Freida,Guice,Brisard,1966-02-18
LZKN535777FVBHKU66,Shaine,Dzenisenka,Hubble,1939-09-10
HMUR026118FUHXVV36,Tedra,Coupar,Pagitt,1996-09-06
QGEJ776268FLHVUX87,Alvin,Crumley,Goretti,1948-05-24
YTXC335387HXQPWH25,Roxine,Lowin,MacMakin,1923-04-14
HPZA844408FZKTGF45,Griff,Elner,Prettyman,1946-10-16
BDBL309635HEEIHE40,Leonanie,Bradane,Ells,1946-04-16
XGOL789815FKUDZJ59,Johnnie,Rooney,Fadell,1924-11-30
GSVS422427FBZXHK91,Feliza,Klimkin,Moxon,1982-06-29
KTKT822338FSLNVD04,Homer,Marc,Chagg,1941-01-05
MXLE057581FGIYZZ64,Sheeree,Gerrietz,Angrick,1975-07-05
POBT573714FMRLNC41,Berenice,Hanssmann,Hatherill,1931-05-10
FSAW965647FYBHHF58,Cheri,Vossgen,Yackiminie,1950-11-29
DVEB790678HJCPUJ44,Cherice,Bullar,McTiernan,1962-09-29
ZHLG836512HMMYFL87,Romy,Geertsen,Erskin,1985-06-18
DIEI150564HUKZAG41,Gerick,Beeckx,Treweela,1992-09-10
WPWA973286FAGBHE48,Marve,Waldock,Worner,1928-04-13
MMCU915745FKBDAM68,Devon,Jaquemar,Klimke,1973-06-30
SOXN865028HUZYMM61,Lulita,Jorn,Blackall,1952-08-03
BSVA531493FJUVSA34,Matthew,Simmill,Ashton,1966-03-08
WNVQ834861HRBPFE96,Tootsie,Jurn,Eringey,1987-07-30
JHNS514588FDEHZM04,Geordie,Pinard,Baynam,1986-08-14
JYNS217125FQQFXA65,Winnah,Cohani,McMenamie,1999-08-23
MPQU552000HFDOPC37,Bobbye,Chadwin,Daingerfield,1941-05-09
RKFC711462FKRHKS98,Rockwell,Gatus,Chaplin,1960-09-17
PBGN855552HPYALV41,Jilleen,Wafer,Griffen,1937-01-24
RHHS083896FXSQHX95,Prudi,Skipping,Egell,1995-03-07
WJBS492830FFZKVW69,Gregor,Kleint,Kapiloff,1972-09-20
AWLG917936HVNCLN95,Annabell,Itzcovich,Ausello,1954-06-09
GEIM304418FASZJD32,Rhodia,Pietrowicz,Burkinshaw,1936-10-14
MMBB252253HNYSTS61,Barby,Sutherby,Borg-Bartolo,1981-02-05
QWZG553139FZNUBQ34,Sabine,Mattisssen,Parkman,1987-06-03
XAYG198650HAAOKK92,Rorie,Pietzker,Winstone,1985-11-25
NGZW016425FFLRKY13,Moise,Gavrielly,Flury,1966-09-04
TVAI017671HLPMHS08,Hammad,Mordy,Dean,1983-04-13
LTRZ942425FWVZGZ25,Aura,Bouttell,Lenthall,2000-09-26
ICQK179492HLZEBG58,Masha,Mossom,Henriques,1974-10-04
ABKF795220HLVGBB36,Pauli,Routham,Bossel,1971-01-14
ITUM562616FFESHB56,Odelle,Petican,Florey,1957-10-20
SLHH923962HEUYEA82,Stace,Pond,Trinder,1944-11-18
HQUQ166481HXXTQK40,Keely,Blick,Bockman,1950-05-31
FTVS878247HXMGLV13,Markus,Cartner,Filipson,1946-05-02
TJWY389246HNPOAM24,Thoma,Ilyin,Besemer,1957-02-12
BRXA156421HJIGBK38,Raye,Seldner,Bramah,1930-10-17
GIHS639270FPILJZ55,Marina,Ifill,Blackstock,1957-10-18
GQMP204165HUGRFF61,Pauli,Grishin,Rochelle,2001-03-30
TOZL955775FQPUHP65,Lainey,Bram,Maydwell,1981-09-03
FKMD750582HXPRLD94,Alma,Hembery,Yatman,1933-08-12
EEXB966132HWHIJK75,Elysha,Dunlap,Gonsalo,1959-08-17
DZMQ393672FORQEJ57,Sean,Moyce,Breadmore,1965-04-01
GSAY273310FSLVXM30,Olga,Tilberry,Holwell,1996-02-16
PNCX931628HNATMO48,Wang,Sloley,Steptow,2004-08-21
KKWR696477HFFOLL29,Lee,Selly,Oneill,1973-06-12
ODKG105672FWZGOS38,Zelda,Robben,Bartolommeo,2003-09-10
DROM023729FGUXDB22,Mandie,Nurdin,O'Cullinane,1978-06-07
ZSVR919460FKFMMA33,Gus,Attenbrow,Vasentsov,1998-06-07
DGHD520324FHZMKY61,Kyle,Briars,Seddon,1986-11-11
EAHB105270HWNWZA37,Julita,Nystrom,Nacci,1935-10-31
EGPU731424HGZFXK23,Franchot,Arthan,McReath,1956-07-22
VJJA657607HALABH52,Luci,Gilsthorpe,Baverstock,1956-08-31
NDYQ929729FHXBOU26,Tiphani,Rickardes,Godman,1928-12-28
KNQJ530811HIYCLR39,Aveline,Robelow,Skidmore,1944-09-28
REFC809706FUEBKM61,Morgana,Lockwood,Pidgeley,1942-02-22
IWID522971HGKVJQ42,Chev,Parkman,Jumeau,1938-04-13
ROFT679127HCOOLX05,Jacintha,Colpus,Borland,1957-09-24
HGYF620061FCBYWA22,Jordan,Ripley,McPhilip,2001-04-01
KOEK439869HPWHOM28,Bert,McDonell,Sarfat,1973-01-30
GFTP489615HBYYHD95,Ania,Calloway,Farran,1934-03-26
YFTM947010FVFETC50,Ulla,MacAlroy,Salt,1946-08-15
OSEI541034FRSLOR14,Corbin,Kenworthy,Bezley,1995-05-02
GKMI668611FUHNAN30,Merle,Brager,Rannells,2002-12-28
EYPP779410FADIYD53,Jobye,Gillimgham,Sproat,1923-06-17
BHNQ271750FSLKCV28,Edgar,Cheston,Dyton,1960-05-28
WWYP523085HMKXWW30,Yvon,Muslim,Skinner,1980-01-16
QAUT034773HPHPHT29,Lilith,Kowalski,Mea,1980-06-09
IUOU420469FBAMSA48,Avery,Pulhoster,Cartwight,1952-07-31
FQBG408391HCGMLC54,Hort,Pledge,Stanyan,1941-10-09
CYZW429510HIJWBV26,Chad,Bott,Gilchriest,1996-07-23
FUJT382053FLTFNR45,Anita,Emett,Lyokhin,1954-10-19
KQPQ052135HSWNYN67,Archie,Pidler,Estevez,1926-07-17
PHXQ961404HTQILU56,Diena,Goodfield,McBeith,1993-07-27
EIKU901158FCPTTI26,Chrisy,Dummer,Trimby,1997-10-07
MQRU043721HXCIEJ81,Noell,Rabbage,Kornel,1961-07-10
FPPD662536HSFHWT96,Shepperd,Lamble,Stichel,1943-06-04
NNOD854740HIBJVM63,Jo,Sommerlin,Thomtson,1962-05-22
JVBE731209HANVYG37,Stormie,Kirwan,Megson,1952-10-18
JPOF191558FMBISR42,Amalle,Mufford,Jeromson,1977-12-24
YKWX931930FKTZNW80,Darline,Telezhkin,Grimsdike,1988-01-16
JVKM678135HHNNTE43,Laurianne,Ponter,Ubee,1954-10-26
ZDRY440588HDGKDF70,Tatiana,Bowser,Foxwell,1941-12-11
FMCL559944FXLDIW20,Andeee,Stronghill,Upshall,1963-02-10
TYDW727538HAWHTN07,Anthea,Minihane,Wontner,1961-08-25
PYOS284930FGPSAC71,Demetris,Dorrington,Bezley,1995-01-10
WLNO913532HFUHNZ64,Miguelita,Spillard,Ciccottio,1997-02-08
MQLX723723HEHMWY89,Adrea,Deme,Wharrier,1967-02-20
CAAY907607HWNMFA86,Troy,Glassborow,Spittle,1923-01-16
GZPV823750HPCOQC49,Claudia,Bernadon,Farens,1945-04-25
VJJR564678FVFJKW42,Gifford,Ginger,Minker,1954-01-18
OZNS961101FHQUGQ27,Mara,Avann,Walkowski,1999-08-06
QTLI522263FPMIGF49,Alard,Harber,Wittke,1969-06-09
GNSC074025FKCMZJ04,Christophe,Robertsson,Deinhardt,1975-06-23
KBDD351986FPYMSQ21,Johannah,West-Frimley,Kennsley,1967-07-03
LLSZ339620FGQQOF57,Shellie,Dabell,Costin,1969-04-19
ITVC989693FCCYDQ96,Emory,Wimms,Dominicacci,1980-12-28
QTHP784430HFQQSX52,Baryram,Lavalle,McEniry,1984-06-29
IAGZ623061FWZCIS33,Gary,Haysey,Glas,1978-09-20
GDCN925451HDCMCS09,Chere,Tume,Sullivan,1940-09-01
GASJ274432HJQGHO50,Sydney,Deevey,Hankinson,1954-06-02
HUAP469834HGZIHC87,Janet,Poxon,Dalglish,1953-03-03
HKKB614419HMMBXW76,Ardelle,Tenpenny,Crayden,2002-10-12
ULJC810277HTPFOT70,Edvard,Wearden,Pettett,2004-08-01
LYRY001593HQJZET66,Elfrida,Fripp,Noor,1986-07-18
KQDE156614HBUVUJ85,Barbi,Mullen,Quemby,1990-06-28
AZAA991030FCAJLT40,Fancie,Frissell,Halliburton,1972-03-21
AKEX120605FWVDAC72,Gaultiero,Naptine,Ibbitson,1974-03-08
HVKZ950875HPGEHB62,Gaylor,Jeffers,Tardiff,1960-04-23
DGQS729790HRVJRI41,Marci,Geare,Casaro,1968-12-29
LMSR866204FSLTOR58,Lorens,Truran,Bass,1937-07-08
HYUX630342FSLCTO91,Vaughn,Mechan,Grimsey,1996-05-01
UFLK022145HTEDNT20,Viviyan,Cricket,Spileman,1967-04-19
LJLN132351FZCRNM93,Sawyere,Lorans,Barukh,1960-10-27
SIRH068052HXVRPN43,Cletus,Hadgraft,Grimshaw,1952-07-06
FKVH491097HWQPTG44,Candra,Shakeshaft,Milesop,1966-04-15
HZNZ393316HWJEXX11,Bobina,Radoux,Hoston,1967-02-25
PPIS388942HULJUV56,Marv,Kinnach,Devin,2000-03-15
IMOW078830HLVIJR09,Magda,Lemmertz,Bleesing,1971-08-26
OQCC894396FXOZGL53,Kleon,Raison,Ivanyushin,1941-03-03
TQDI372413HZVMQS14,Imogene,Shearmer,Fitt,1934-06-11
PURK009328HUYXXD86,Malena,Gingle,Villa,1932-08-09
YPUT590986HNZBEA91,Elroy,Di Giacomo,Wickey,1991-10-18
TBUQ920421FHYYKR33,Hazlett,Ondrousek,Clucas,1950-07-01
DOID057387FQBXYU70,Keelia,Kareman,Keough,1964-03-25
OOOX775755HYBQEW41,Frasco,Chatten,Simononsky,1964-12-02
BJVT757394HLIBID88,Gregoor,Entwisle,de Leon,1985-12-01
AXLQ258084FMAQTO72,Fidelia,Powling,Faughny,1972-04-25
EVPT859098FLSFVL00,Hugibert,Challoner,Amorine,2000-03-03
HLMB534986HLUAFC67,Sybyl,Reisk,Drayton,1953-12-10
MBJX418510HZKXJH25,Florance,Gleader,Rochell,1963-05-21
OFYG646180HYTLTG94,Reggie,Walkingshaw,Littlekit,1967-08-19
LBCK584205HHPAKG37,Ric,Yearnsley,Basset,2000-01-24
BKPY946430FCQCFD40,Phillis,Moynham,Gainsborough,1983-07-07
SHJQ978284FKKBVE98,Evvie,Ludman,Groome,1959-05-24
PUWZ345748HPDCEM43,Gayelord,Le Gassick,Yakunikov,1938-10-25
JJAL955340HYACKN16,Hermann,Schiersch,Ducker,1929-05-30
MXRH266304HADTCI38,Gaven,Gillcrist,Teresi,1977-03-19
IQBF394633FCIHDF11,Hubert,O'Driscoll,Brockie,1970-07-10
DWRW135518HLANYZ82,Otho,Feeney,Roll,1937-07-29
RBMD991737HIYODS79,Felita,Wren,Ollenbuttel,1973-08-28
ZWPH491488HCULZI96,Rosie,Balmforth,Lieber,1923-05-21
PYOB010280FRCTIQ38,Bram,Bakster,McHarry,1976-10-21
WMTB809501HBNHSB35,Aube,Branford,Cullon,2003-05-13
NDNG304477FNFGFK34,Shana,Billborough,McKennan,1924-07-29
UKRU838067HGWZHG67,Justinian,Dunseath,Sheivels,1954-03-27
PHDY417289HKJKNE11,Garvey,Karleman,Dallander,1946-09-29
YDLW270061FLFAUI29,Erhart,Dabling,Slayford,1933-06-19
EOUO534975FYZTQK82,Peder,Lisett,Pendergast,1990-09-11
EILB631090HMRQSU31,Desdemona,Bein,Sibbert,1967-01-18
HKYA683651FVSSEP17,Puff,Pawsey,Peers,1945-07-26
IPVU238729FECVNO06,Kellia,Kenefick,Baumaier,1933-09-19
AEMG759110HWRQUW67,Ervin,Syversen,Runsey,1996-09-27
EZUF455722FOVRVS16,Paule,Durrington,Joskowicz,1935-08-05
WQDG816687FZFDWV38,Cristie,Weakley,Mincini,1964-05-18
JDOK054063HKBEXQ96,Beverly,Kneebone,Stallan,1965-11-19
RVVP416511FZBKZK98,Cherilyn,Nisbith,Bennoe,1983-04-28
JSVY654634FGKQAA92,Adey,Faull,Keneleyside,1981-06-23
ZHZN396873HZIGIF67,Nara,Meaking,Gurry,1927-11-25
EVFN020806HMXMAC32,Sadye,Haswall,Drohane,1930-08-12
AIEP427186FFUHRU63,Hollis,Ianetti,Drissell,1985-11-15
STTX208760HTGNXY52,Liesa,Storer,Seyffert,1947-10-01
FDRS993808HECEYJ77,Dacy,MacKereth,Hardan,1928-01-29
HNTM120589FZUKAS95,Braden,Vanshin,Thomann,1926-05-27
BGKV402626FHLFBZ85,Clayborne,Lancetter,Tyrwhitt,1926-02-04
AZSK000380FBOJWW32,Devlen,Gosnay,Savatier,1955-03-23
HDCU098397HEODXA71,Audy,Cunney,Strete,1960-11-15
XSMN307398FGYDTY39,Celestina,Burris,Warsop,1951-02-14
XYAM212300HZOESP42,Karla,Turle,Scouler,1991-12-25
PAKJ221557FLUJSD42,Jamil,MacVay,Coch,1951-09-16
HMDN874119HPEAGJ52,Sergio,Titcomb,Wulfinger,1961-08-21
SHKT506064FSNRYE53,Ninetta,Tapper,Reames,1992-08-27
IZIK195818HFMTGN44,Prince,Pond,Grieveson,1936-05-12
YQHT485320HFUWEB28,Jacinda,Kleingrub,Shipcott,1994-11-04
BJHL855840HULJGO36,Denys,Scollan,Pimmocke,1952-05-12
JWPF094212FITKKZ91,Laurene,Ellins,Colleton,1977-06-27
ORDQ711848HAEMTB77,Kora,Pottinger,Tappington,2000-03-05
YMEI126700FJYQBS16,Isacco,Turville,Sibray,1956-03-01
WVBU285718HGQQUO62,Cosetta,Beminster,Swaysland,2000-04-30
MXKY498291HVVWFM36,Cesaro,Evangelinos,Redler,1978-01-07
PTWZ214946HVWJVD69,Ham,Bracknall,Gerriet,1948-04-03
BZGT194032FVHUPS07,Anitra,Durn,Stell,1957-05-20
GBBM494953FHADLP47,Chris,Quarterman,Caillou,1941-03-26
HRNF134364FGOQVU65,Dougie,Moncarr,Grenville,1936-09-25
DFFI703041FQCPXR47,Eddy,Vamplew,Dominick,1944-07-29
KQEB111610HUZBFX27,Cherianne,Merwood,Valance,1933-11-05
SQTV911540FDBOVN98,Avrom,Grinikhin,Saunt,1942-08-02
CPFC821042FIMOBJ55,Lyn,Ehrat,Hargreaves,1925-11-11
IARG455332HNMSDH31,Jeanna,MacAirt,Pourveer,1969-10-01
OSEP673576FOJOJK40,Edgar,Lamps,Chatband,1979-02-04
BUYD246127HIGGYV29,Marlane,Sweet,Docksey,1954-08-01
KJRQ244719HHSLLS98,Siouxie,Peggrem,Manueli,1977-05-10
CEAM231026FHPLRR97,Gladi,Ishak,Blair,1925-04-08
FSQJ959711FPTEHC07,Lynea,de Tocqueville,Burtwhistle,1948-11-18
RLJO177984HKVKSE68,Land,Toyer,Dutch,1964-06-04
ESGE432545HVDWSZ66,Casi,Ruggieri,Dewire,1928-05-20
LXJZ521425HIAVUT28,Charlton,Peris,Beaconsall,1959-09-12
XYGA188118HYCJRL74,Alfons,Aubery,Neville,1971-03-25
EKMZ639553HRUWNZ34,Guinna,Fooks,Oldknow,1944-05-02
PSCE027718HNTGPR85,Korie,Probin,Durning,1932-08-27
UOPH882343HSKFHI29,Jada,Beloe,King,1948-11-08
VSOV999352FNWQAM68,Stephie,Grimsdike,Partner,1969-11-05
TEJP752912FMZRVE28,Ahmed,Ogborn,Bellefant,1980-02-17
FFHJ318092FVISNZ04,Selma,Rundall,Geill,1931-09-06
LHTU717959HXHVGF26,Odelinda,Wiskar,Tuvey,1988-03-07
NEEH228402FVPTIJ89,Arron,Facchini,Coltart,1970-08-04
CNUN773160FWUCKS55,Trude,Okeshott,Uwins,1951-05-01
OUME823025HTYQKV59,Nolan,Cadle,Stichel,1961-02-06
MVCH766039HBFIUK18,Erik,Sidwick,Hamlett,1946-01-26
XAMU491442FKNJLV16,Rosaline,Heaney`,Gye,1925-11-22
TCNQ043621HACKNE81,Cassey,Urwen,Wines,1930-11-30
MNLX938819HJBJTG48,Broddy,Gercke,Stiffell,1944-07-24
BZVK933254FDUQTZ70,Faustine,Nobbs,Tilney,1938-10-11
QAFE900871FQEXGZ72,Adriaens,Perdue,Wallworke,1966-03-20
JQGH760898FTVJLS92,Kaitlynn,Firmage,Ianilli,1970-08-04
NODB866388FECLNT51,Tirrell,Twallin,Pimbley,1941-11-16
QBHA316596HOTTJW54,Rocky,MacElroy,Galler,2004-03-05
CJAU594877HDYAZQ06,Phelia,Rosberg,Tredwell,1994-01-21
YRQN201854HQVGWI97,Chantalle,Apps,Steen,1990-11-02
MJZI757640FQACYD47,Angel,Maccrie,Ewins,1924-01-24
GRSY169553FZHMTX96,Maurie,Dumbleton,Behne,1999-03-06
KSKL382894HYVSGD88,Morris,Scullard,Colaco,1988-07-09
CXXM882591FVGYUJ57,Shaughn,Southwood,Hof,1997-12-26
