AAQZ312313FGZJIS31,Rosanna,Pleace,Peiser,1959-07-10,326,Mexico,2023-05-26
AAQZ312313FGZJIS31,Rosanna,Pleace,Peiser,1959-07-10,540,Jordania,2023-04-28
AAQZ312313FGZJIS31,Rosanna,Pleace,Peiser,1959-07-10,76,India,2023-01-30
ABKF795220HLVGBB36,Pauli,Routham,Bossel,1971-01-14,286,India,2022-09-15
ABKF795220HLVGBB36,Pauli,Routham,Bossel,1971-01-14,985,Grecia,2023-02-06
ABKF795220HLVGBB36,Pauli,Routham,Bossel,1971-01-14,995,Mexico,2023-09-06
ADQL812042HFOFES00,Reinhold,Bartrop,Bock,2001-11-26,595,Grecia,2023-08-31
ADQL812042HFOFES00,Reinhold,Bartrop,Bock,2001-11-26,819,Egipto,2023-09-09
AFHC306924FDXTZU01,Camille,Donavan,Vaux,1936-07-22,357,Jordania,2023-02-03
AFUF560869HFVLHS05,Pooh,Vevers,Rosita,1967-07-21,379,India,2023-02-23
AFUF560869HFVLHS05,Pooh,Vevers,Rosita,1967-07-21,501,Jordania,2023-03-20
AFUF560869HFVLHS05,Pooh,Vevers,Rosita,1967-07-21,571,Jordania,2023-03-05
AFUF560869HFVLHS05,Pooh,Vevers,Rosita,1967-07-21,899,Grecia,2023-05-04
AFUF560869HFVLHS05,Pooh,Vevers,Rosita,1967-07-21,90,Grecia,2023-01-08
AGLH067424HLAYVU75,Rennie,Knewstubb,Yellowlees,1935-09-11,323,Peru,2022-10-27
AHWO112690FMGGYY76,Kaitlin,Eeles,Danielkiewicz,1992-04-21,524,Mexico,2022-11-30
AIHE814246FSIXUV19,Hunter,Carrick,Payne,1943-06-25,756,Grecia,2023-01-31
AIHE814246FSIXUV19,Hunter,Carrick,Payne,1943-06-25,949,Jordania,2023-01-23
AIUR680981FMCRMF94,Major,Ramsdell,Donnel,1926-09-07,965,Peru,2023-06-04
AJAV465929HVXXQE38,Welsh,Huster,Ewols,1946-04-12,778,Egipto,2022-12-22
AJUR495066FCNQEB02,Winthrop,Copeland,McDonagh,1973-02-28,141,Egipto,2023-05-14
AJUR495066FCNQEB02,Winthrop,Copeland,McDonagh,1973-02-28,255,India,2023-06-02
AJUR495066FCNQEB02,Winthrop,Copeland,McDonagh,1973-02-28,621,Grecia,2022-11-14
AKCW523194HVNXTK64,Crysta,Luter,Teasell,1985-08-24,40,India,2023-07-04
AKCW523194HVNXTK64,Crysta,Luter,Teasell,1985-08-24,699,Jordania,2023-05-25
AKEX120605FWVDAC72,Gaultiero,Naptine,Ibbitson,1974-03-08,199,Peru,2023-09-06
AKEX120605FWVDAC72,Gaultiero,Naptine,Ibbitson,1974-03-08,859,Peru,2022-10-11
AKNA945264FOYNPA35,Konstanze,Hulatt,Cockson,1938-06-27,24,EUA,2023-05-22
AKNA945264FOYNPA35,Konstanze,Hulatt,Cockson,1938-06-27,98,Francia,2022-11-23
ALOR749783FOPMGR48,Geordie,Tolmie,Strauss,1995-02-20,46,Malasia,2023-02-12
ANYZ577121FJBXES90,Yoshiko,Gilmore,Bourdice,1978-08-23,171,Peru,2023-07-24
AOCQ113184FYXIDY13,Helenelizabeth,Schwartz,Pettigree,1952-09-14,147,Egipto,2023-03-04
AQHO978348HFDDNU69,Pavia,Diggins,Sorrel,1931-06-07,41,EUA,2022-11-09
AQHO978348HFDDNU69,Pavia,Diggins,Sorrel,1931-06-07,57,Malasia,2023-05-07
AQHO978348HFDDNU69,Pavia,Diggins,Sorrel,1931-06-07,84,Francia,2023-01-01
AQHO978348HFDDNU69,Pavia,Diggins,Sorrel,1931-06-07,85,Francia,2023-01-23
AQZV023792HJCMCY54,Roderick,Alvares,Gissing,1937-02-12,897,Jordania,2023-06-07
ASXO873173HTMSMD21,Faydra,Stapele,Orta,1962-05-01,197,Mexico,2023-02-08
ATJT058263HNASDP04,Bradan,Southam,Comford,2001-07-20,334,Egipto,2023-03-10
AUOI417690HVZERN97,Filberte,Spradbery,Robbe,1960-01-22,438,Egipto,2023-05-10
AVCL520886FXMVPZ67,Kellyann,Cumberland,Astupenas,1939-03-21,329,Peru,2023-08-07
AVCL520886FXMVPZ67,Kellyann,Cumberland,Astupenas,1939-03-21,781,Mexico,2023-07-29
AVRA769766FWWPDY09,Stillman,Cluff,McCarlie,1939-06-02,327,Jordania,2023-05-04
AVRZ998239FHWCAS26,Mallory,Turnbull,Tittletross,1965-08-21,711,India,2023-05-12
AWLG917936HVNCLN95,Annabell,Itzcovich,Ausello,1954-06-09,335,Grecia,2023-08-15
AWYA991437FWAWBO06,Briant,Gopsill,Brent,1997-08-21,427,India,2022-12-04
AWYA991437FWAWBO06,Briant,Gopsill,Brent,1997-08-21,715,India,2023-08-09
AWYA991437FWAWBO06,Briant,Gopsill,Brent,1997-08-21,902,Jordania,2023-01-06
AXLQ258084FMAQTO72,Fidelia,Powling,Faughny,1972-04-25,447,Jordania,2023-07-12
AXLQ258084FMAQTO72,Fidelia,Powling,Faughny,1972-04-25,589,India,2023-03-12
AXLQ258084FMAQTO72,Fidelia,Powling,Faughny,1972-04-25,809,India,2023-07-15
AXPG099227FLUPDA55,Shane,Adlam,Longega,1953-12-13,898,Mexico,2023-03-14
AXPK000479FSHLBQ80,Christos,Scranny,Fouracres,1978-02-28,836,Egipto,2023-06-18
AXVS570952HHTBFR27,Jackson,Gribbin,Thrush,1974-06-21,461,Mexico,2022-10-25
AZAA991030FCAJLT40,Fancie,Frissell,Halliburton,1972-03-21,402,Egipto,2022-10-11
AZAA991030FCAJLT40,Fancie,Frissell,Halliburton,1972-03-21,759,Peru,2023-03-23
AZQO249439FMTKSW39,Aluin,Duley,Balffye,1950-04-23,19,Francia,2022-10-11
AZQO249439FMTKSW39,Aluin,Duley,Balffye,1950-04-23,37,Francia,2023-08-04
AZQO249439FMTKSW39,Aluin,Duley,Balffye,1950-04-23,52,Francia,2022-12-25
AZQO249439FMTKSW39,Aluin,Duley,Balffye,1950-04-23,59,EUA,2022-11-27
AZSK000380FBOJWW32,Devlen,Gosnay,Savatier,1955-03-23,253,Egipto,2022-09-28
AZSK000380FBOJWW32,Devlen,Gosnay,Savatier,1955-03-23,409,Peru,2023-08-26
BAEI787035HCZIIX80,Blinni,Bandy,Beaves,1962-08-31,103,Jordania,2023-05-12
BAEI787035HCZIIX80,Blinni,Bandy,Beaves,1962-08-31,419,Jordania,2023-06-03
BAEI787035HCZIIX80,Blinni,Bandy,Beaves,1962-08-31,539,Jordania,2022-10-07
BBDY394153FOMKQU44,Faber,Scherer,Neate,1954-08-24,13,Francia,2023-04-07
BDFJ356317FUWZQJ01,Shelagh,Duck,Glamart,1962-01-05,174,Mexico,2022-09-14
BDFJ356317FUWZQJ01,Shelagh,Duck,Glamart,1962-01-05,376,Peru,2023-05-06
BEYA257498FRGYTL16,Kylie,Dedenham,Feltham,1929-11-30,107,Mexico,2023-07-09
BEYA257498FRGYTL16,Kylie,Dedenham,Feltham,1929-11-30,459,Jordania,2023-01-27
BEYA257498FRGYTL16,Kylie,Dedenham,Feltham,1929-11-30,978,India,2023-01-14
BHNQ271750FSLKCV28,Edgar,Cheston,Dyton,1960-05-28,728,Mexico,2023-02-01
BHXW998885FIRMZU98,Anton,Eaddy,Minor,1936-05-14,61,Jordania,2023-06-29
BIFD853115FOCAYL25,Randall,Peppard,Playford,1990-10-21,805,Grecia,2023-01-31
BIFD853115FOCAYL25,Randall,Peppard,Playford,1990-10-21,834,Egipto,2022-12-25
BILO521792FCTHSN02,Wendi,Pickersail,Agett,1978-02-08,140,Grecia,2023-07-12
BITP269757FGWJWK86,Maddie,Tilt,Boow,1989-08-30,533,Egipto,2023-08-09
BITP269757FGWJWK86,Maddie,Tilt,Boow,1989-08-30,776,Egipto,2023-03-16
BJVT757394HLIBID88,Gregoor,Entwisle,de Leon,1985-12-01,881,Jordania,2023-08-06
BKPY946430FCQCFD40,Phillis,Moynham,Gainsborough,1983-07-07,460,Peru,2023-04-27
BMCM262348FTIKLI48,Phaidra,Lewtey,Allonby,1969-01-02,853,Grecia,2023-03-02
BMZK513026FJZQID97,Valentin,Cumbridge,Gors,1992-04-25,353,Peru,2023-02-20
BMZK513026FJZQID97,Valentin,Cumbridge,Gors,1992-04-25,744,Peru,2022-10-17
BNTZ712748FQFDHQ37,Judon,Ludlow,Halson,2001-08-18,562,Peru,2023-02-22
BNTZ712748FQFDHQ37,Judon,Ludlow,Halson,2001-08-18,829,Jordania,2022-09-21
BNTZ712748FQFDHQ37,Judon,Ludlow,Halson,2001-08-18,944,Mexico,2023-06-25
BOLS075009HKYCSM13,Towney,Sprake,Vanderson,1960-01-18,692,Mexico,2023-02-11
BRHI292699HZSAUV40,Martin,Woodroof,Ganter,1969-06-05,518,Jordania,2022-12-03
BRHI292699HZSAUV40,Martin,Woodroof,Ganter,1969-06-05,966,Egipto,2023-03-16
BRMK782426HVMTBW93,Oates,Beran,Matheson,1963-10-22,585,Jordania,2022-10-08
BRXA156421HJIGBK38,Raye,Seldner,Bramah,1930-10-17,684,Peru,2023-03-15
BSVA531493FJUVSA34,Matthew,Simmill,Ashton,1966-03-08,431,Egipto,2023-05-21
BSVA531493FJUVSA34,Matthew,Simmill,Ashton,1966-03-08,904,Jordania,2022-12-13
BSWQ404189HRQXLY12,Tommie,Stronach,Jurges,1969-03-09,706,Mexico,2023-07-30
BSWQ404189HRQXLY12,Tommie,Stronach,Jurges,1969-03-09,895,Egipto,2023-01-15
BTEF676899HOLXGO25,Laney,Garstan,Habishaw,1948-08-15,374,India,2023-02-01
BTSM249994FNLDIP76,Norrie,Brasner,Quayle,1957-06-02,277,Grecia,2023-08-28
BUYD246127HIGGYV29,Marlane,Sweet,Docksey,1954-08-01,889,Peru,2023-08-23
BVGS497368FAELRM09,Jephthah,Poulton,Dielhenn,1980-07-13,844,Egipto,2022-11-17
BWPO572638HNPFVZ47,Shirl,Lathy,Thake,1987-01-17,3,Francia,2023-05-31
BWPO572638HNPFVZ47,Shirl,Lathy,Thake,1987-01-17,69,Japon,2023-02-09
BWPO572638HNPFVZ47,Shirl,Lathy,Thake,1987-01-17,83,Francia,2022-12-23
BYGV314233FNGYWE41,Konstanze,L'Episcopi,Todarini,1999-03-05,333,India,2022-10-30
BYGV314233FNGYWE41,Konstanze,L'Episcopi,Todarini,1999-03-05,770,Jordania,2022-11-18
BYGV314233FNGYWE41,Konstanze,L'Episcopi,Todarini,1999-03-05,828,Egipto,2023-06-03
BYIS314830FLJSSJ53,Stepha,Boldison,Vaugham,1930-05-21,190,Jordania,2023-06-24
BYIS314830FLJSSJ53,Stepha,Boldison,Vaugham,1930-05-21,367,Egipto,2023-07-04
BYIS314830FLJSSJ53,Stepha,Boldison,Vaugham,1930-05-21,909,Grecia,2023-06-30
BZGT194032FVHUPS07,Anitra,Durn,Stell,1957-05-20,505,Egipto,2023-07-28
CAAY907607HWNMFA86,Troy,Glassborow,Spittle,1923-01-16,645,Egipto,2023-03-29
CAAY907607HWNMFA86,Troy,Glassborow,Spittle,1923-01-16,93,Peru,2023-01-21
CBWD662529FJRBEW90,Kennie,Milington,Cahalin,1937-10-28,863,Grecia,2023-02-07
CCQG816504HDVQOD53,Catherine,Ivanov,O' Loughran,1945-04-07,344,Grecia,2023-04-18
CEAM231026FHPLRR97,Gladi,Ishak,Blair,1925-04-08,499,Jordania,2023-02-01
CEAM231026FHPLRR97,Gladi,Ishak,Blair,1925-04-08,590,Grecia,2022-12-31
CFWW442910HLKQQL23,Helen-elizabeth,Revel,Ruckert,2003-09-25,169,Egipto,2023-08-01
CFWW442910HLKQQL23,Helen-elizabeth,Revel,Ruckert,2003-09-25,94,Peru,2023-01-10
CGFL532687FXQREW23,Johnny,Palia,MacDearmid,1944-07-24,227,Mexico,2023-05-08
CHLJ990359FRROUT09,Siobhan,Jagiello,Shavel,1995-07-12,252,India,2022-12-19
CHLJ990359FRROUT09,Siobhan,Jagiello,Shavel,1995-07-12,892,India,2022-12-28
CHLS069624FPOYZY37,Louisette,MacPike,Costellow,2003-09-21,143,India,2022-11-20
CHLS069624FPOYZY37,Louisette,MacPike,Costellow,2003-09-21,869,Grecia,2023-03-15
CKWH863250FPVXDX83,Edouard,Peert,Emery,1965-11-09,671,Grecia,2023-09-11
CKWH863250FPVXDX83,Edouard,Peert,Emery,1965-11-09,848,Peru,2022-10-15
CNTN092229HIAQCN06,Richart,Hegerty,Saffrin,1930-04-23,361,Egipto,2023-04-22
CNTN092229HIAQCN06,Richart,Hegerty,Saffrin,1930-04-23,794,Peru,2023-05-15
CQGL494516FISWRT71,Feodora,Rofe,Gilham,1929-01-17,660,Grecia,2022-10-18
CRHM265351HUVSBD75,Armstrong,Fetteplace,Maybey,1946-09-20,373,Egipto,2023-08-15
CRHM265351HUVSBD75,Armstrong,Fetteplace,Maybey,1946-09-20,683,Grecia,2023-03-04
CRKB304646FJNGOH72,Dorine,Gilvear,Dracksford,1939-07-03,312,Peru,2022-12-09
CSAL738943FOSZIJ10,Golda,Leither,Oakenfall,1939-12-05,310,Grecia,2022-10-01
CSAL738943FOSZIJ10,Golda,Leither,Oakenfall,1939-12-05,411,Grecia,2023-08-14
CSAL738943FOSZIJ10,Golda,Leither,Oakenfall,1939-12-05,824,Egipto,2023-04-19
CTQQ233638HMWDLU07,Emmy,Mylan,Wass,1929-06-17,16,Malasia,2023-07-28
CTQQ233638HMWDLU07,Emmy,Mylan,Wass,1929-06-17,50,Malasia,2023-02-07
CTQQ233638HMWDLU07,Emmy,Mylan,Wass,1929-06-17,67,Malasia,2023-05-27
CWUA837486FBHKMT69,Etti,Tierney,Haker,1971-10-20,178,India,2022-10-24
CWUA837486FBHKMT69,Etti,Tierney,Haker,1971-10-20,53,Mexico,2022-09-28
CWUA837486FBHKMT69,Etti,Tierney,Haker,1971-10-20,686,Mexico,2022-10-07
CWUA837486FBHKMT69,Etti,Tierney,Haker,1971-10-20,807,Jordania,2023-07-21
CWUA837486FBHKMT69,Etti,Tierney,Haker,1971-10-20,977,Mexico,2023-07-19
CXRL936486HWZNXZ65,Brande,Pargent,O'Hartnett,1945-03-29,580,Jordania,2022-10-04
CXRL936486HWZNXZ65,Brande,Pargent,O'Hartnett,1945-03-29,693,Grecia,2023-05-16
CXRL936486HWZNXZ65,Brande,Pargent,O'Hartnett,1945-03-29,782,Peru,2022-11-19
CXRL936486HWZNXZ65,Brande,Pargent,O'Hartnett,1945-03-29,817,Peru,2022-10-30
CYFJ445174HZARZA29,Major,Menco,Doget,1972-09-01,292,Jordania,2023-08-09
CYZW429510HIJWBV26,Chad,Bott,Gilchriest,1996-07-23,110,Egipto,2022-10-05
CYZW429510HIJWBV26,Chad,Bott,Gilchriest,1996-07-23,627,Egipto,2023-05-29
CYZW429510HIJWBV26,Chad,Bott,Gilchriest,1996-07-23,959,Egipto,2023-02-26
DATM595317FXTPVK64,Kalvin,Wissbey,Ferreiro,1982-10-22,15,EUA,2023-06-17
DATM595317FXTPVK64,Kalvin,Wissbey,Ferreiro,1982-10-22,99,EUA,2023-06-13
DBHW591513HVDMAL97,Darnell,Swash,Gadsby,1990-10-04,657,Jordania,2023-04-13
DBHW591513HVDMAL97,Darnell,Swash,Gadsby,1990-10-04,720,Jordania,2023-07-12
DBHW591513HVDMAL97,Darnell,Swash,Gadsby,1990-10-04,75,India,2023-02-20
DBHW591513HVDMAL97,Darnell,Swash,Gadsby,1990-10-04,858,Egipto,2023-05-24
DFFI703041FQCPXR47,Eddy,Vamplew,Dominick,1944-07-29,789,Peru,2023-01-24
DGHD520324FHZMKY61,Kyle,Briars,Seddon,1986-11-11,119,Peru,2023-09-10
DGNF590733FNCJKZ64,Garrek,Winny,Fullbrook,1941-03-05,606,India,2022-09-25
DGNF590733FNCJKZ64,Garrek,Winny,Fullbrook,1941-03-05,704,Jordania,2023-03-07
DGNF590733FNCJKZ64,Garrek,Winny,Fullbrook,1941-03-05,716,Egipto,2023-08-04
DHAV296277FPFFED71,Leonerd,Hamblett,Garthland,1984-08-23,696,Peru,2023-06-10
DHPX287086FESMAW04,Kania,Danbye,MacPaik,1925-12-05,433,Grecia,2023-06-29
DHPX287086FESMAW04,Kania,Danbye,MacPaik,1925-12-05,724,Peru,2023-06-03
DHVR589313HCXTVR11,Leicester,Philbrook,Peyro,1936-04-30,11,Jordania,2022-11-21
DHVR589313HCXTVR11,Leicester,Philbrook,Peyro,1936-04-30,484,Egipto,2023-01-15
DIEI150564HUKZAG41,Gerick,Beeckx,Treweela,1992-09-10,825,Grecia,2022-11-26
DJBZ944210HXLSSM61,Husain,Stadding,Grzegorzewski,1946-10-28,763,Peru,2023-07-26
DJNY074146HGTIMK20,Berthe,Bampton,Losseljong,1994-12-01,605,Grecia,2023-07-05
DKLW569371FSKKHS03,De witt,Tadgell,Crammy,1941-10-08,551,Jordania,2023-05-13
DLSN543333HWUHTR26,Lexie,Overton,Vlasenko,1996-05-31,121,India,2023-06-28
DLSN543333HWUHTR26,Lexie,Overton,Vlasenko,1996-05-31,677,Jordania,2023-07-13
DLWL529064FIOXOT41,Rosemonde,Swayte,Fernez,1978-06-15,302,Mexico,2023-01-06
DLWL529064FIOXOT41,Rosemonde,Swayte,Fernez,1978-06-15,862,India,2023-08-08
DOID057387FQBXYU70,Keelia,Kareman,Keough,1964-03-25,322,Mexico,2023-01-25
DOID057387FQBXYU70,Keelia,Kareman,Keough,1964-03-25,813,Egipto,2023-05-06
DOID057387FQBXYU70,Keelia,Kareman,Keough,1964-03-25,851,Jordania,2023-03-27
DPEA222380HKIGGW97,Kirsti,Rew,Skeldon,1932-07-04,34,Malasia,2023-05-30
DPEA222380HKIGGW97,Kirsti,Rew,Skeldon,1932-07-04,63,Japon,2023-07-23
DPKE451525HVKNIA41,Leif,Bartlett,Giordano,1981-04-10,34,Egipto,2022-12-03
DPKE451525HVKNIA41,Leif,Bartlett,Giordano,1981-04-10,421,Mexico,2023-05-20
DPKE451525HVKNIA41,Leif,Bartlett,Giordano,1981-04-10,868,Jordania,2023-01-01
DROM023729FGUXDB22,Mandie,Nurdin,O'Cullinane,1978-06-07,976,Mexico,2023-05-30
DSSL140495FWWEHJ86,Blinni,Yvens,Piscotti,1982-01-19,855,Grecia,2022-11-03
DWUS994333FULPBA28,Rosaleen,Bridle,Wollaston,1944-03-13,225,Jordania,2022-12-31
DWUS994333FULPBA28,Rosaleen,Bridle,Wollaston,1944-03-13,511,India,2023-06-06
DXEC608571HBOXDS18,Winifield,Stickford,Brookbank,1971-01-29,71,EUA,2023-05-30
DZLP116052FGAUYI53,Perri,Pendrich,Gostyke,1999-09-17,442,Peru,2023-03-16
DZLP116052FGAUYI53,Perri,Pendrich,Gostyke,1999-09-17,700,Mexico,2023-02-12
DZMQ393672FORQEJ57,Sean,Moyce,Breadmore,1965-04-01,394,Jordania,2023-08-31
EAHB105270HWNWZA37,Julita,Nystrom,Nacci,1935-10-31,846,Peru,2023-09-04
EBYQ443419FIKECW03,Bobbi,Askam,Neles,1932-05-06,213,India,2023-09-01
EBYQ443419FIKECW03,Bobbi,Askam,Neles,1932-05-06,626,Jordania,2022-11-23
EBZR452684HEUBZW19,Anselm,Ochterlony,Reinard,1963-10-04,210,Mexico,2023-07-10
EBZR452684HEUBZW19,Anselm,Ochterlony,Reinard,1963-10-04,870,Egipto,2023-02-27
EDRJ884172HOATHH94,Elisa,Grzelak,Pennell,1928-11-12,549,Jordania,2022-10-02
EEGJ807032FGCOLG08,Nerita,La Croce,Hans,1996-02-28,729,Peru,2023-01-05
EEXB966132HWHIJK75,Elysha,Dunlap,Gonsalo,1959-08-17,380,Jordania,2023-01-31
EEXB966132HWHIJK75,Elysha,Dunlap,Gonsalo,1959-08-17,568,Mexico,2023-01-26
EEXB966132HWHIJK75,Elysha,Dunlap,Gonsalo,1959-08-17,820,Peru,2023-04-03
EGPU731424HGZFXK23,Franchot,Arthan,McReath,1956-07-22,644,Egipto,2023-06-01
EGPU731424HGZFXK23,Franchot,Arthan,McReath,1956-07-22,750,Mexico,2023-02-28
EGSP399049FNDNKF08,Aluino,Lancett,Romagnosi,2004-06-11,363,Peru,2023-01-27
EIKU901158FCPTTI26,Chrisy,Dummer,Trimby,1997-10-07,134,India,2022-11-09
EIKU901158FCPTTI26,Chrisy,Dummer,Trimby,1997-10-07,876,Egipto,2023-04-08
EILB631090HMRQSU31,Desdemona,Bein,Sibbert,1967-01-18,250,Grecia,2023-03-23
EJWS916976HOHUSW47,Fabian,Tompkiss,Sherr,1951-02-01,607,Jordania,2023-08-19
EKKC420353FRRFJJ75,Boris,Fernehough,Meneghelli,1934-11-06,22,Japon,2023-05-01
EKKC420353FRRFJJ75,Boris,Fernehough,Meneghelli,1934-11-06,35,Japon,2022-09-24
EKKC420353FRRFJJ75,Boris,Fernehough,Meneghelli,1934-11-06,47,Francia,2023-02-18
EKKC420353FRRFJJ75,Boris,Fernehough,Meneghelli,1934-11-06,81,Francia,2022-11-23
EKUV768618HXYCQA01,Fairleigh,Peiser,Noe,1968-05-08,502,Mexico,2023-01-11
ENKD813295FMABPI76,Anatole,Frankham,Ennion,1953-12-24,434,Mexico,2023-04-14
ENKD813295FMABPI76,Anatole,Frankham,Ennion,1953-12-24,58,India,2023-07-06
ENKD813295FMABPI76,Anatole,Frankham,Ennion,1953-12-24,641,Egipto,2022-12-02
ENVT094251HLVIEL04,Kattie,Callister,Grunwall,1963-08-31,272,Peru,2023-08-10
EOKO944154FLJPCW69,Shoshana,Maddin,Meechan,1973-07-28,537,Jordania,2023-06-30
EOKO944154FLJPCW69,Shoshana,Maddin,Meechan,1973-07-28,788,Jordania,2022-12-30
EOUO534975FYZTQK82,Peder,Lisett,Pendergast,1990-09-11,31,Mexico,2023-03-29
ESSW351600FVJPRC50,Manon,Koubu,Rodda,1998-02-06,56,Jordania,2022-10-06
ETBY160914FUPQKD96,Lura,Paulsen,Mothersdale,1974-02-19,536,Grecia,2023-05-29
ETBY160914FUPQKD96,Lura,Paulsen,Mothersdale,1974-02-19,843,Mexico,2023-03-24
EVFN020806HMXMAC32,Sadye,Haswall,Drohane,1930-08-12,305,Egipto,2022-12-18
EVFN020806HMXMAC32,Sadye,Haswall,Drohane,1930-08-12,635,Grecia,2023-04-28
EVMW309015FEXYWB96,Massimiliano,Simukov,Tofanelli,1974-04-14,628,Peru,2023-07-01
EVMW309015FEXYWB96,Massimiliano,Simukov,Tofanelli,1974-04-14,883,Jordania,2023-02-28
EVQK984464HLAQAV12,Jimmy,Freddi,Colquyte,1947-08-13,746,India,2023-04-17
EYPP779410FADIYD53,Jobye,Gillimgham,Sproat,1923-06-17,168,Jordania,2023-03-11
EYPP779410FADIYD53,Jobye,Gillimgham,Sproat,1923-06-17,773,Jordania,2023-07-18
EZQR023594FKVIBW56,Zaria,Alentyev,Lyne,1981-01-09,952,Egipto,2023-06-12
EZUF455722FOVRVS16,Paule,Durrington,Joskowicz,1935-08-05,979,Mexico,2022-10-16
FCFN384415HCZWOB92,Ramon,Brabyn,Entreis,1945-12-09,118,Mexico,2023-02-04
FCFN384415HCZWOB92,Ramon,Brabyn,Entreis,1945-12-09,510,Jordania,2023-01-31
FDRS993808HECEYJ77,Dacy,MacKereth,Hardan,1928-01-29,317,Grecia,2023-03-01
FEHM934227HAYTZG56,Johnna,Tolliday,Novotni,1924-07-02,64,Malasia,2023-04-28
FEHM934227HAYTZG56,Johnna,Tolliday,Novotni,1924-07-02,9,Malasia,2022-09-17
FEVC830694FESSTF73,Otho,Kirkebye,Nelsey,1932-10-23,102,India,2022-12-08
FEVC830694FESSTF73,Otho,Kirkebye,Nelsey,1932-10-23,161,Peru,2022-11-10
FEVC830694FESSTF73,Otho,Kirkebye,Nelsey,1932-10-23,62,Egipto,2022-11-06
FFHJ318092FVISNZ04,Selma,Rundall,Geill,1931-09-06,601,India,2023-02-26
FFHJ318092FVISNZ04,Selma,Rundall,Geill,1931-09-06,984,India,2023-05-24
FHPW432516FJLWNN04,Onfre,Attyeo,Ascraft,1992-05-28,336,India,2022-12-18
FHPW432516FJLWNN04,Onfre,Attyeo,Ascraft,1992-05-28,975,Grecia,2023-06-03
FJBT295359HPTFBQ75,Osbourne,Buyers,Dodgshon,1930-01-05,915,Jordania,2023-07-17
FJQM466772FRPXLD24,Gilles,Barkway,Simms,1976-11-12,188,Grecia,2022-10-24
FJQM466772FRPXLD24,Gilles,Barkway,Simms,1976-11-12,65,Peru,2023-06-01
FLAB023192HUIKIB26,Julita,Adamik,Tupling,1930-01-22,847,Grecia,2023-06-04
FLGC830619HRCHKC74,Libbey,Drinkhill,MacKall,1925-12-30,44,India,2023-04-14
FLTN992861FWZVGJ38,Kelsy,Harkin,Dishman,1963-02-11,815,Mexico,2022-10-09
FMCL559944FXLDIW20,Andeee,Stronghill,Upshall,1963-02-10,445,Jordania,2022-12-16
FMEQ620453HUIBTP77,Aube,Castanaga,Jerratsch,1995-08-09,439,Peru,2022-12-30
FMOV897912FQDDBW39,Lyn,Elmer,Miles,1971-06-27,10,EUA,2023-02-24
FMOV897912FQDDBW39,Lyn,Elmer,Miles,1971-06-27,54,Japon,2022-12-30
FMOV897912FQDDBW39,Lyn,Elmer,Miles,1971-06-27,73,Francia,2023-05-28
FMOV897912FQDDBW39,Lyn,Elmer,Miles,1971-06-27,90,Malasia,2023-02-01
FNCR737076HPPZHG21,Bastien,Straniero,Bavister,1957-02-01,920,Mexico,2022-10-06
FNYU204131HHCJVW99,Derrek,Causby,Heimes,1940-11-02,555,India,2023-09-04
FODN656750HXONIT13,Travis,Luppitt,Dawe,1986-06-21,160,Peru,2023-05-23
FODN656750HXONIT13,Travis,Luppitt,Dawe,1986-06-21,179,Jordania,2022-10-02
FOGT852627HHYDXR95,Raffarty,Bulled,Durham,1958-10-09,17,EUA,2023-02-06
FOGT852627HHYDXR95,Raffarty,Bulled,Durham,1958-10-09,53,Malasia,2023-08-04
FOGT852627HHYDXR95,Raffarty,Bulled,Durham,1958-10-09,68,Japon,2023-08-06
FOHF543469FJGJTE43,Jamill,Whitecross,Godsil,1989-09-12,64,India,2023-08-06
FPPD662536HSFHWT96,Shepperd,Lamble,Stichel,1943-06-04,268,Peru,2023-05-27
FSAW965647FYBHHF58,Cheri,Vossgen,Yackiminie,1950-11-29,475,Egipto,2023-05-26
FSAW965647FYBHHF58,Cheri,Vossgen,Yackiminie,1950-11-29,619,Jordania,2023-05-11
FSLK162284HYZKJS09,Derwin,Warhurst,Philott,1933-11-13,295,Peru,2022-11-22
FTDX037278FBSLDK32,Kaiser,Scala,Foster-Smith,1953-02-05,228,Jordania,2023-01-29
FTKB287207HVGPOC23,Jehu,Lanning,Shutler,1981-09-24,507,Peru,2023-06-14
FVRC652471HVDYOF35,Stacee,Cullimore,Heathfield,1973-07-20,472,India,2022-09-12
FVRC652471HVDYOF35,Stacee,Cullimore,Heathfield,1973-07-20,832,Jordania,2022-11-14
FYQR854414HLBXUR48,Hal,Streetley,Kirkup,1964-09-20,203,Egipto,2022-11-09
GARV451512FNUTUB06,Ina,Breston,Reedyhough,1961-10-17,315,Mexico,2023-05-13
GBBM494953FHADLP47,Chris,Quarterman,Caillou,1941-03-26,912,Jordania,2023-02-02
GBSH315436FIMKGM95,Nat,Lindsell,Rycraft,1970-12-12,370,Mexico,2023-09-09
GCDJ189251FJHGKP55,Nevins,Neate,Rabjohn,2003-04-18,874,Egipto,2022-09-25
GCMR731325FVJYYH01,Darcie,Neeson,Weightman,1968-01-07,466,Mexico,2023-03-17
GEIM304418FASZJD32,Rhodia,Pietrowicz,Burkinshaw,1936-10-14,544,Egipto,2023-02-08
GFLG654318FMXMXH63,Reinwald,Kyneton,Arckoll,1983-11-03,263,Jordania,2023-02-21
GFXN290588HZRNWM11,Georgianne,Gillow,Hegerty,1957-08-21,532,Mexico,2023-07-25
GGFE557286HZUFKO96,Janos,Shardlow,Acock,1980-11-28,734,Jordania,2023-08-31
GGWJ653826FIJCGO94,Crin,Smeaton,Le Grys,1976-06-04,766,Mexico,2023-06-29
GHCJ004161FGTPTQ95,Kevon,Antusch,Ivannikov,1944-02-06,251,India,2022-09-18
GHCJ004161FGTPTQ95,Kevon,Antusch,Ivannikov,1944-02-06,311,India,2023-03-26
GIHS639270FPILJZ55,Marina,Ifill,Blackstock,1957-10-18,816,India,2023-02-21
GIHS639270FPILJZ55,Marina,Ifill,Blackstock,1957-10-18,925,Grecia,2023-02-03
GJHJ027597FYICBE32,Eugene,MacQuarrie,Scawton,1955-06-07,280,India,2023-05-06
GJHJ027597FYICBE32,Eugene,MacQuarrie,Scawton,1955-06-07,586,India,2023-04-02
GJPL932331FXQCQO87,Pip,Gumb,Girk,1950-05-08,649,India,2023-08-12
GJPL932331FXQCQO87,Pip,Gumb,Girk,1950-05-08,741,Jordania,2022-12-29
GKMI668611FUHNAN30,Merle,Brager,Rannells,2002-12-28,340,India,2023-07-30
GKMI668611FUHNAN30,Merle,Brager,Rannells,2002-12-28,758,India,2023-03-16
GKNL898017HJQMML00,Berenice,Wadhams,Dinsey,1966-04-10,650,Egipto,2022-11-06
GNBD456274HLQMDA72,Mignonne,Durdle,Denis,1966-04-25,127,Egipto,2023-05-17
GNEC956832FHUWCC56,Madonna,Howe,Caldeiro,1934-08-29,10,Jordania,2022-12-31
GNEC956832FHUWCC56,Madonna,Howe,Caldeiro,1934-08-29,157,Jordania,2023-03-12
GOXE968515HGOSVT02,Jeremias,Meacher,Galpen,2002-09-24,383,Grecia,2022-10-09
GQVH164969FKNWJN84,Ollie,Thresher,Baston,1988-11-16,553,Peru,2023-05-20
GQVH164969FKNWJN84,Ollie,Thresher,Baston,1988-11-16,633,Egipto,2023-08-04
GRFM356659FPYVHN46,Cesaro,Whitley,Roscamps,1956-12-05,599,Peru,2022-12-18
GRFM356659FPYVHN46,Cesaro,Whitley,Roscamps,1956-12-05,875,Peru,2023-04-04
GRSY169553FZHMTX96,Maurie,Dumbleton,Behne,1999-03-06,320,Peru,2023-04-30
GSAY273310FSLVXM30,Olga,Tilberry,Holwell,1996-02-16,730,Jordania,2022-10-14
GSAY273310FSLVXM30,Olga,Tilberry,Holwell,1996-02-16,839,Mexico,2023-03-08
GSOI836493FOQGQP39,Helene,Drowsfield,Hawket,1925-01-14,519,Egipto,2023-03-07
GSVS422427FBZXHK91,Feliza,Klimkin,Moxon,1982-06-29,348,Peru,2023-08-24
GSVS422427FBZXHK91,Feliza,Klimkin,Moxon,1982-06-29,444,Grecia,2023-07-18
GSVS422427FBZXHK91,Feliza,Klimkin,Moxon,1982-06-29,575,India,2023-01-24
GUGO299547FTFXQA30,Lian,Dunican,Kipling,1949-05-24,142,Grecia,2023-02-05
GVAI906721FOKWCD12,Nike,Matskevich,Manley,1968-11-28,388,Grecia,2022-11-04
GWVB642974HOMZYV12,Mallorie,Quakley,Argent,1999-04-29,36,Malasia,2022-11-17
GWVB642974HOMZYV12,Mallorie,Quakley,Argent,1999-04-29,58,Japon,2023-07-21
GWVB642974HOMZYV12,Mallorie,Quakley,Argent,1999-04-29,61,EUA,2022-11-11
GWVB642974HOMZYV12,Mallorie,Quakley,Argent,1999-04-29,79,Japon,2022-10-09
GWVB642974HOMZYV12,Mallorie,Quakley,Argent,1999-04-29,80,Japon,2022-11-16
GXAM127793HVHOEP58,Jenelle,Eberz,Wrightim,1984-11-02,39,EUA,2022-09-26
GXAM127793HVHOEP58,Jenelle,Eberz,Wrightim,1984-11-02,45,EUA,2022-10-31
GXFU681793FIVTIB29,Alix,Faley,Faunt,1931-02-13,67,Jordania,2022-12-05
GZQA036244FDHUUU93,Bryant,Eason,Tanner,1998-04-12,506,Jordania,2022-12-09
HCRD751268FUNCCR35,Berni,Tweedle,Berrey,1968-12-21,113,Mexico,2023-01-21
HCRD751268FUNCCR35,Berni,Tweedle,Berrey,1968-12-21,238,Egipto,2023-06-28
HDZE550395HFYYYW89,Sheelah,Tapscott,Walisiak,1995-09-13,450,Mexico,2023-02-14
HDZE550395HFYYYW89,Sheelah,Tapscott,Walisiak,1995-09-13,498,Jordania,2023-09-01
HGWC246359HVEKRY46,Rufe,Haney`,Blackford,1979-01-22,81,Peru,2023-06-27
HGYF620061FCBYWA22,Jordan,Ripley,McPhilip,2001-04-01,377,Peru,2023-06-13
HIVA085073FAQQME26,Ariela,Middleweek,Bloggett,1994-09-02,233,Egipto,2023-03-13
HIVA085073FAQQME26,Ariela,Middleweek,Bloggett,1994-09-02,755,Jordania,2022-11-19
HKGI891024FVQVIE68,Filippo,Meysham,Bouttell,1977-08-06,105,Mexico,2023-04-01
HKGI891024FVQVIE68,Filippo,Meysham,Bouttell,1977-08-06,206,Jordania,2022-10-27
HKGI891024FVQVIE68,Filippo,Meysham,Bouttell,1977-08-06,319,Peru,2023-05-07
HKGI891024FVQVIE68,Filippo,Meysham,Bouttell,1977-08-06,690,Grecia,2023-06-16
HKKB614419HMMBXW76,Ardelle,Tenpenny,Crayden,2002-10-12,269,Jordania,2023-06-20
HKKB614419HMMBXW76,Ardelle,Tenpenny,Crayden,2002-10-12,865,Mexico,2023-02-09
HKYT545670HLFOWB89,Myrtle,Espinazo,Bollans,1986-10-26,399,India,2023-06-13
HLGE207157FPQMFP53,Purcell,Corderoy,Lenihan,1950-04-20,414,India,2022-12-18
HLGE207157FPQMFP53,Purcell,Corderoy,Lenihan,1950-04-20,924,Peru,2023-08-26
HLMB534986HLUAFC67,Sybyl,Reisk,Drayton,1953-12-10,541,Jordania,2023-09-07
HLMB534986HLUAFC67,Sybyl,Reisk,Drayton,1953-12-10,640,Egipto,2023-06-18
HLUG895058FFDWJC89,Garey,Andrews,Aldrich,1970-04-27,565,India,2023-04-09
HLUG895058FFDWJC89,Garey,Andrews,Aldrich,1970-04-27,930,India,2023-01-15
HLYG243951FESZVT52,Lorianne,Alexsandrov,Dahlgren,1934-08-06,204,India,2023-02-24
HMDN874119HPEAGJ52,Sergio,Titcomb,Wulfinger,1961-08-21,19,Jordania,2023-03-02
HMJV963563HZXIWD17,Brit,Heritege,Wigfall,1951-11-26,18,Egipto,2023-08-05
HMJV963563HZXIWD17,Brit,Heritege,Wigfall,1951-11-26,223,Peru,2022-09-30
HMJV963563HZXIWD17,Brit,Heritege,Wigfall,1951-11-26,332,Peru,2023-01-28
HMJV963563HZXIWD17,Brit,Heritege,Wigfall,1951-11-26,582,Grecia,2022-12-02
HMUR026118FUHXVV36,Tedra,Coupar,Pagitt,1996-09-06,891,India,2023-01-20
HPBM333526FXIYSI47,Murielle,Saye,MacEvilly,2003-12-07,236,Peru,2022-10-23
HPBM333526FXIYSI47,Murielle,Saye,MacEvilly,2003-12-07,838,Jordania,2022-10-26
HPZA844408FZKTGF45,Griff,Elner,Prettyman,1946-10-16,622,Jordania,2023-07-21
HQBH914337HCTLKJ57,Oneida,Gairdner,Hamblett,1991-04-28,267,India,2023-04-16
HRNF134364FGOQVU65,Dougie,Moncarr,Grenville,1936-09-25,7,Grecia,2023-01-05
HSDE791599HEERQB48,Benito,Cleft,Goodey,2004-12-14,260,India,2023-06-19
HSDE791599HEERQB48,Benito,Cleft,Goodey,2004-12-14,300,Peru,2023-04-26
HTQX667771FENKWW39,Quintus,Northin,Ould,1936-02-21,170,Peru,2023-08-22
HUAP469834HGZIHC87,Janet,Poxon,Dalglish,1953-03-03,554,Jordania,2023-05-21
HUAP469834HGZIHC87,Janet,Poxon,Dalglish,1953-03-03,79,Mexico,2023-08-22
HVKZ950875HPGEHB62,Gaylor,Jeffers,Tardiff,1960-04-23,636,Jordania,2022-09-23
HVPX557572HLMOVC64,Marci,Gietz,Steptoe,1996-10-29,1000,Mexico,2022-09-16
HVPX557572HLMOVC64,Marci,Gietz,Steptoe,1996-10-29,487,Egipto,2023-04-18
HVPX557572HLMOVC64,Marci,Gietz,Steptoe,1996-10-29,670,Egipto,2023-02-12
HVPX557572HLMOVC64,Marci,Gietz,Steptoe,1996-10-29,85,Egipto,2023-02-02
HVUY758705HWWGMY08,Rocky,Peachman,Belderfield,1926-07-22,647,Peru,2022-12-03
HYGG919809HDYKDU88,Michal,Rust,Ritmeyer,1972-07-28,614,Grecia,2023-05-16
HYGG919809HDYKDU88,Michal,Rust,Ritmeyer,1972-07-28,653,Grecia,2022-10-19
HYUX630342FSLCTO91,Vaughn,Mechan,Grimsey,1996-05-01,673,Jordania,2023-08-14
HZNZ393316HWJEXX11,Bobina,Radoux,Hoston,1967-02-25,14,Jordania,2023-02-21
HZNZ393316HWJEXX11,Bobina,Radoux,Hoston,1967-02-25,691,Grecia,2023-02-09
IARG455332HNMSDH31,Jeanna,MacAirt,Pourveer,1969-10-01,231,Grecia,2023-06-20
IARG455332HNMSDH31,Jeanna,MacAirt,Pourveer,1969-10-01,934,Mexico,2023-05-05
IAYC703682HZGCIW30,Dennie,Haywood,Dewerson,1935-08-09,16,Egipto,2023-08-26
IAYC703682HZGCIW30,Dennie,Haywood,Dewerson,1935-08-09,588,Grecia,2023-04-01
IBSW867576HFJLOX45,Mikaela,Allcorn,Bentick,2004-03-17,299,Mexico,2023-01-31
IBSW867576HFJLOX45,Mikaela,Allcorn,Bentick,2004-03-17,70,India,2023-07-14
IBSW867576HFJLOX45,Mikaela,Allcorn,Bentick,2004-03-17,827,Peru,2023-02-28
ICQK179492HLZEBG58,Masha,Mossom,Henriques,1974-10-04,82,Egipto,2022-12-21
IDVQ671054FSWXSJ10,Antony,Wyllie,Pavlishchev,1928-06-18,996,Peru,2022-10-15
IDXL734135FWYNHS98,Chadd,Stallen,Kearney,2004-02-07,40,EUA,2022-10-19
IDXL734135FWYNHS98,Chadd,Stallen,Kearney,2004-02-07,56,EUA,2022-09-15
IDXL734135FWYNHS98,Chadd,Stallen,Kearney,2004-02-07,6,Malasia,2023-06-06
IDXL734135FWYNHS98,Chadd,Stallen,Kearney,2004-02-07,76,Japon,2023-05-06
IDXL734135FWYNHS98,Chadd,Stallen,Kearney,2004-02-07,89,Francia,2023-08-13
IEQB694256FQCNYY04,Wolfie,Roderigo,Dallman,1933-01-09,281,Peru,2023-03-17
IEQB694256FQCNYY04,Wolfie,Roderigo,Dallman,1933-01-09,857,Egipto,2023-07-07
IHXO539147FBVQGT24,Tomasina,Coppens,Whales,1949-09-17,911,Mexico,2023-03-06
IHXO539147FBVQGT24,Tomasina,Coppens,Whales,1949-09-17,960,Mexico,2023-03-15
IHZY913918HIPYBO95,Gayla,Garbert,Baldick,1972-01-07,29,Egipto,2023-07-15
IHZY913918HIPYBO95,Gayla,Garbert,Baldick,1972-01-07,941,Egipto,2023-05-02
IMOW078830HLVIJR09,Magda,Lemmertz,Bleesing,1971-08-26,266,Egipto,2023-01-26
IMOW078830HLVIJR09,Magda,Lemmertz,Bleesing,1971-08-26,59,Mexico,2022-11-29
IMOW078830HLVIJR09,Magda,Lemmertz,Bleesing,1971-08-26,97,Jordania,2022-11-09
IMXD846754FNNOHT16,Jessa,Lomasny,Bourget,1971-10-31,360,Grecia,2023-07-18
IPVU238729FECVNO06,Kellia,Kenefick,Baumaier,1933-09-19,216,Grecia,2022-12-28
IPVU238729FECVNO06,Kellia,Kenefick,Baumaier,1933-09-19,257,Peru,2022-12-15
IPVU238729FECVNO06,Kellia,Kenefick,Baumaier,1933-09-19,504,Peru,2023-08-06
IPVU238729FECVNO06,Kellia,Kenefick,Baumaier,1933-09-19,625,Egipto,2023-07-01
IPVU238729FECVNO06,Kellia,Kenefick,Baumaier,1933-09-19,982,Jordania,2023-09-08
IQBF394633FCIHDF11,Hubert,O'Driscoll,Brockie,1970-07-10,289,India,2023-09-07
IQBF394633FCIHDF11,Hubert,O'Driscoll,Brockie,1970-07-10,393,Peru,2023-07-20
IQBF394633FCIHDF11,Hubert,O'Driscoll,Brockie,1970-07-10,860,Mexico,2023-06-16
IQBH554485FSLZPN03,Bertha,Astlett,Concklin,1932-03-23,100,Grecia,2022-11-09
IQBH554485FSLZPN03,Bertha,Astlett,Concklin,1932-03-23,184,Peru,2023-08-15
IQBH554485FSLZPN03,Bertha,Astlett,Concklin,1932-03-23,610,India,2022-12-13
IQBH554485FSLZPN03,Bertha,Astlett,Concklin,1932-03-23,831,India,2023-09-06
IQOJ439961FVOCOG60,Grace,Rain,Menloe,1928-12-09,355,India,2023-06-23
IQOJ439961FVOCOG60,Grace,Rain,Menloe,1928-12-09,80,Jordania,2023-02-16
IQRZ338935HQWPWE79,Bard,Wais,Gummery,1926-11-11,217,Grecia,2023-01-25
IRDT942283HCUKAK89,Agosto,Vockins,Woodsford,2000-08-15,12,Francia,2022-11-11
IRDT942283HCUKAK89,Agosto,Vockins,Woodsford,2000-08-15,26,EUA,2022-11-01
ISCY080854FSZPHG95,Ardyth,Kelston,Melody,1961-04-25,765,Mexico,2023-04-17
ISRT981363FCTAPV12,Aleen,Alexandre,Lody,1970-07-20,437,Peru,2023-08-23
ITFF650120FQECXA89,Gilberto,Jouanny,Shoesmith,1949-04-27,181,Jordania,2023-08-04
ITFF650120FQECXA89,Gilberto,Jouanny,Shoesmith,1949-04-27,953,Egipto,2023-06-09
ITFF650120FQECXA89,Gilberto,Jouanny,Shoesmith,1949-04-27,988,Jordania,2022-12-27
ITUM562616FFESHB56,Odelle,Petican,Florey,1957-10-20,406,India,2022-10-23
ITUM562616FFESHB56,Odelle,Petican,Florey,1957-10-20,542,Peru,2023-06-20
ITUM562616FFESHB56,Odelle,Petican,Florey,1957-10-20,604,Grecia,2023-05-10
ITUM562616FFESHB56,Odelle,Petican,Florey,1957-10-20,656,Egipto,2023-03-06
ITVC989693FCCYDQ96,Emory,Wimms,Dominicacci,1980-12-28,209,Jordania,2023-03-25
IUOU420469FBAMSA48,Avery,Pulhoster,Cartwight,1952-07-31,259,Grecia,2022-12-07
IUOU420469FBAMSA48,Avery,Pulhoster,Cartwight,1952-07-31,262,Grecia,2022-12-03
IUPK357715FMOTQS70,Angelina,Cicetti,Fallowes,1947-06-05,418,Mexico,2022-12-27
IWID522971HGKVJQ42,Chev,Parkman,Jumeau,1938-04-13,545,Peru,2022-10-13
IWUU791776FEHJNP21,Rem,Willers,Newarte,1924-01-21,697,Jordania,2023-02-18
IXOD359984FNUPDF48,Frances,Di Francecshi,Whyler,1959-03-02,646,Jordania,2022-11-13
IXQO453153FAKMWG56,Davie,Gilhouley,Commins,2002-08-06,441,Grecia,2023-01-22
IYWR275165HOHFYK65,Bride,Castillo,Caustick,1977-06-11,261,Grecia,2023-07-30
IZRR518066FSTOCD13,Elliot,Shadfourth,Attrey,1952-03-16,325,India,2023-01-20
JCTT814741HVQYMR27,Tatiana,Goady,Seakes,1975-08-05,837,Mexico,2023-01-31
JDGD669521FQWHFD95,Kelsey,Gepp,Heinel,1950-04-02,981,Egipto,2023-06-29
JDOK054063HKBEXQ96,Beverly,Kneebone,Stallan,1965-11-19,125,Mexico,2023-01-21
JDOK054063HKBEXQ96,Beverly,Kneebone,Stallan,1965-11-19,246,Jordania,2023-03-21
JDUN547921FMNDQD67,Cory,Weepers,Luna,1977-11-20,290,Peru,2022-11-23
JHNS514588FDEHZM04,Geordie,Pinard,Baynam,1986-08-14,35,Peru,2022-10-22
JHNS514588FDEHZM04,Geordie,Pinard,Baynam,1986-08-14,479,Mexico,2023-06-19
JJAL955340HYACKN16,Hermann,Schiersch,Ducker,1929-05-30,296,Grecia,2022-10-03
JKIP108967FPIHIW69,Kermie,Hurton,Marskell,1941-10-27,135,Jordania,2023-08-06
JKIP108967FPIHIW69,Kermie,Hurton,Marskell,1941-10-27,21,Mexico,2023-04-25
JKIP108967FPIHIW69,Kermie,Hurton,Marskell,1941-10-27,929,Mexico,2023-03-03
JKLJ950663FERXAW69,Karney,Souch,Merington,1927-07-17,172,Peru,2022-11-18
JLYZ497306HUVEMB29,Joyann,Acton,Owers,1942-02-17,48,Japon,2023-04-01
JNIP634615HVXOWC21,Tally,Hinze,Crosfeld,1992-09-06,318,Peru,2023-01-22
JOWE259953FDADNE94,Wallis,Flade,Frostdicke,1956-08-09,613,Grecia,2022-10-05
JOYG665435HCRWAG12,Dayle,Meaders,Scanlan,1942-05-28,735,Peru,2023-02-18
JPJS763763HDGCIX85,Simonne,Eltringham,Hughland,2003-10-31,345,India,2022-12-17
JPJS763763HDGCIX85,Simonne,Eltringham,Hughland,2003-10-31,469,Egipto,2023-04-03
JPOF191558FMBISR42,Amalle,Mufford,Jeromson,1977-12-24,465,Peru,2023-07-07
JPOF191558FMBISR42,Amalle,Mufford,Jeromson,1977-12-24,674,Peru,2022-09-28
JQFA733547HJYCTN25,Symon,Tomanek,Boutflour,1934-06-30,198,Jordania,2022-12-17
JQGH760898FTVJLS92,Kaitlynn,Firmage,Ianilli,1970-08-04,249,Mexico,2023-04-21
JRJT790276FWNIPQ94,Gerik,Salvatore,Garley,1956-09-04,382,Grecia,2023-05-11
JSAU215162HAETOB89,Ted,Chasier,Hargreaves,1978-05-15,152,Jordania,2023-02-01
JSAU215162HAETOB89,Ted,Chasier,Hargreaves,1978-05-15,245,Egipto,2023-02-18
JSAU215162HAETOB89,Ted,Chasier,Hargreaves,1978-05-15,852,Jordania,2022-11-27
JSVY654634FGKQAA92,Adey,Faull,Keneleyside,1981-06-23,608,Jordania,2023-01-10
JUXZ576177FZJLVP57,Hermann,Easterfield,Jephson,1956-10-31,4,Egipto,2023-09-05
JUXZ576177FZJLVP57,Hermann,Easterfield,Jephson,1956-10-31,508,India,2022-12-23
JUXZ576177FZJLVP57,Hermann,Easterfield,Jephson,1956-10-31,558,Jordania,2022-12-15
JUXZ576177FZJLVP57,Hermann,Easterfield,Jephson,1956-10-31,658,Jordania,2022-09-25
JVBE731209HANVYG37,Stormie,Kirwan,Megson,1952-10-18,578,Peru,2022-10-03
JVKM678135HHNNTE43,Laurianne,Ponter,Ubee,1954-10-26,164,Jordania,2023-08-01
JVKM678135HHNNTE43,Laurianne,Ponter,Ubee,1954-10-26,455,Jordania,2022-09-20
JVKQ992415FRMLEK68,Wilmette,Merrison,Muggeridge,1975-05-22,45,Egipto,2023-06-10
JVYB406376HGAUDL70,Tannie,Mohan,Merriment,1947-09-06,964,Grecia,2023-05-05
JXIJ461810HMBLAV59,Alwyn,Lampl,Keasy,1960-09-03,572,Peru,2023-04-20
JXIJ461810HMBLAV59,Alwyn,Lampl,Keasy,1960-09-03,695,Mexico,2022-11-22
JXJU133450FGUDHM01,Bartram,Menzies,Struys,1953-07-31,124,Mexico,2023-07-09
JXSY360826FFLFDQ14,Linnie,Scottesmoor,Viveash,1966-01-29,428,Grecia,2022-12-25
JYNS217125FQQFXA65,Winnah,Cohani,McMenamie,1999-08-23,148,Grecia,2022-11-04
JYNS217125FQQFXA65,Winnah,Cohani,McMenamie,1999-08-23,343,India,2022-12-05
KBDD351986FPYMSQ21,Johannah,West-Frimley,Kennsley,1967-07-03,725,Peru,2023-05-07
KBVL601475FQINEO66,Robb,Gillatt,Paten,1999-06-18,180,Jordania,2023-07-30
KBZZ356732HLKVGC86,Ginny,Torfin,Headey,1967-04-23,410,Egipto,2022-09-22
KDTW906293HTBTLD56,Ahmed,Bastard,Daws,1992-10-20,32,Japon,2023-08-05
KDTW906293HTBTLD56,Ahmed,Bastard,Daws,1992-10-20,43,Malasia,2023-03-20
KDTW906293HTBTLD56,Ahmed,Bastard,Daws,1992-10-20,62,Francia,2022-09-13
KDTW906293HTBTLD56,Ahmed,Bastard,Daws,1992-10-20,82,Francia,2023-02-06
KGAT645938HJHOVB67,Cecily,Aymes,Skough,1975-12-27,548,Mexico,2023-05-14
KGAT645938HJHOVB67,Cecily,Aymes,Skough,1975-12-27,567,India,2022-12-27
KGBU143794HPYBQD45,Donall,Edmondson,Asals,1985-07-03,51,Japon,2022-10-19
KGBU143794HPYBQD45,Donall,Edmondson,Asals,1985-07-03,60,Francia,2023-07-21
KGBU143794HPYBQD45,Donall,Edmondson,Asals,1985-07-03,70,EUA,2023-01-06
KGRI548972HKVLFP60,Shaun,Matushevitz,Giscken,1959-02-15,3,India,2023-05-29
KGZD111190FCRCTK62,Arabelle,Bramwell,Greenly,1928-11-04,132,Jordania,2023-06-14
KHTO593434HFBXJT37,Flemming,Toten,Plom,1929-08-17,14,Japon,2022-11-09
KHTO593434HFBXJT37,Flemming,Toten,Plom,1929-08-17,2,EUA,2023-06-05
KHTO593434HFBXJT37,Flemming,Toten,Plom,1929-08-17,44,Francia,2022-09-13
KHTO593434HFBXJT37,Flemming,Toten,Plom,1929-08-17,55,EUA,2023-02-26
KHTO593434HFBXJT37,Flemming,Toten,Plom,1929-08-17,8,Japon,2023-06-21
KHXX868291HUFAHT61,Estella,Binestead,Martynikhin,1964-07-29,802,Mexico,2022-10-16
KJQB228028FFJBYA69,Cristabel,Evison,Lempke,1935-08-22,192,Egipto,2022-09-29
KJQB228028FFJBYA69,Cristabel,Evison,Lempke,1935-08-22,358,India,2023-02-22
KJQB228028FFJBYA69,Cristabel,Evison,Lempke,1935-08-22,99,Mexico,2022-10-14
KJRK925889FALUWM04,Lian,Gergely,Margeram,1991-04-29,989,Mexico,2023-08-12
KJRQ244719HHSLLS98,Siouxie,Peggrem,Manueli,1977-05-10,993,Grecia,2023-05-07
KKWR696477HFFOLL29,Lee,Selly,Oneill,1973-06-12,46,India,2023-06-24
KMVB459817HRKWVW17,Adel,Shout,Barneveld,1928-01-11,41,Grecia,2022-09-27
KMVB459817HRKWVW17,Adel,Shout,Barneveld,1928-01-11,748,Egipto,2023-06-23
KNQJ530811HIYCLR39,Aveline,Robelow,Skidmore,1944-09-28,726,Grecia,2023-04-29
KQDE156614HBUVUJ85,Barbi,Mullen,Quemby,1990-06-28,55,Mexico,2023-02-25
KQEB111610HUZBFX27,Cherianne,Merwood,Valance,1933-11-05,703,India,2023-06-21
KQHB195458HKGLAG77,Judye,Shapiro,Riden,1938-05-20,239,India,2023-01-17
KQHB195458HKGLAG77,Judye,Shapiro,Riden,1938-05-20,491,Jordania,2023-04-16
KQPQ052135HSWNYN67,Archie,Pidler,Estevez,1926-07-17,709,Mexico,2022-12-11
KRUY570539FVXVKT67,Deeyn,Valencia,Clyde,1931-09-18,126,Mexico,2023-05-12
KSQA157908FGPPSP74,Ulick,Jenks,Brookesbie,1990-05-01,742,Grecia,2022-09-18
KSQA157908FGPPSP74,Ulick,Jenks,Brookesbie,1990-05-01,968,Peru,2023-07-28
KSZH663877FVNPLP72,Avrit,Hart,Bruun,1975-10-28,349,Jordania,2022-09-22
KSZH663877FVNPLP72,Avrit,Hart,Bruun,1975-10-28,600,Peru,2023-05-09
KVBK827431FBIYSM05,Elbertine,Langman,Chatain,1993-04-19,481,Peru,2022-09-25
KVBK827431FBIYSM05,Elbertine,Langman,Chatain,1993-04-19,51,India,2023-05-05
KWLS585965FJFIBY06,Brianna,Kenway,Dennant,1964-10-29,928,Jordania,2022-12-07
KYNK056399HZYNIV60,Nikolas,Kobpac,Gove,1961-12-20,66,Egipto,2023-06-28
LADA485611HSSQTP83,Blondy,Sings,Gemlbett,1942-03-30,775,India,2023-05-08
LAHH142772FNXBBR98,Goober,Upstell,Grunguer,1951-12-28,130,Peru,2023-07-14
LAHH142772FNXBBR98,Goober,Upstell,Grunguer,1951-12-28,882,Peru,2023-07-28
LAHH142772FNXBBR98,Goober,Upstell,Grunguer,1951-12-28,971,Egipto,2023-06-15
LBFD561828HBNBWA48,Georgiana,Milland,Joblin,1935-03-14,564,Jordania,2023-04-27
LBGO312847HXVXOL10,Vinny,Purdie,Charlson,1929-08-12,193,Peru,2023-02-28
LBGO312847HXVXOL10,Vinny,Purdie,Charlson,1929-08-12,774,Jordania,2023-07-12
LBOT729713HTTIAX89,Lacy,Benkin,Epgrave,1982-03-19,177,Peru,2023-04-20
LDHV591555FLAPAP47,Florette,Legg,Moysey,1961-08-06,573,Peru,2023-02-09
LDHV591555FLAPAP47,Florette,Legg,Moysey,1961-08-06,717,Mexico,2023-07-19
LDVF912643HHOXTY93,Akim,Smeath,Ladson,1969-04-20,220,Mexico,2022-11-18
LFEO537146FPUCRC79,Hoyt,Waterstone,Hubbocks,1928-07-16,496,Peru,2023-02-05
LFZR408342HEEQSZ05,Merlina,Faier,Kneath,1955-03-05,385,India,2023-05-27
LHTU717959HXHVGF26,Odelinda,Wiskar,Tuvey,1988-03-07,12,Mexico,2023-02-11
LHTU717959HXHVGF26,Odelinda,Wiskar,Tuvey,1988-03-07,877,Mexico,2023-07-14
LHTU717959HXHVGF26,Odelinda,Wiskar,Tuvey,1988-03-07,901,Grecia,2022-11-18
LILN933710FFZMAS29,Chevy,Lanston,Santostefano.,1957-08-15,680,Peru,2023-02-14
LILN933710FFZMAS29,Chevy,Lanston,Santostefano.,1957-08-15,78,India,2023-02-06
LJLN132351FZCRNM93,Sawyere,Lorans,Barukh,1960-10-27,797,Jordania,2022-10-17
LJPD562431HHOPIF21,Codee,Reasce,Mewhirter,1936-08-04,48,Peru,2023-01-07
LJPD562431HHOPIF21,Codee,Reasce,Mewhirter,1936-08-04,522,Jordania,2022-12-07
LLSZ339620FGQQOF57,Shellie,Dabell,Costin,1969-04-19,185,Egipto,2023-04-22
LLSZ339620FGQQOF57,Shellie,Dabell,Costin,1969-04-19,95,Egipto,2022-09-20
LMSR866204FSLTOR58,Lorens,Truran,Bass,1937-07-08,27,Peru,2023-05-10
LMSR866204FSLTOR58,Lorens,Truran,Bass,1937-07-08,751,Grecia,2022-09-17
LNJX808045HLGHSG65,Ab,Reyson,Bails,1993-02-26,841,Peru,2023-02-26
LNJX808045HLGHSG65,Ab,Reyson,Bails,1993-02-26,980,Jordania,2023-04-07
LQTH725598HKZOKW00,Clementina,Damrell,Spearing,1946-06-05,663,Mexico,2023-05-30
LQTH725598HKZOKW00,Clementina,Damrell,Spearing,1946-06-05,922,Grecia,2023-04-22
LQWM800262HYQEQS46,Dareen,Darlington,Nono,1983-03-01,629,Egipto,2023-03-04
LRJD957852HFXONN08,Toddy,Shah,Boffey,2003-10-08,737,Egipto,2023-08-30
LRJD957852HFXONN08,Toddy,Shah,Boffey,2003-10-08,927,Peru,2023-03-29
LRJJ049017HOXTIJ20,Nessi,McKenny,Burborough,1996-06-30,60,Grecia,2022-09-19
LRJJ049017HOXTIJ20,Nessi,McKenny,Burborough,1996-06-30,983,Grecia,2023-08-02
LRUY592476HZCLLT64,Thomas,Leathem,Nelthropp,1930-01-23,175,Jordania,2022-12-03
LRUY592476HZCLLT64,Thomas,Leathem,Nelthropp,1930-01-23,96,Mexico,2022-11-06
LRUY592476HZCLLT64,Thomas,Leathem,Nelthropp,1930-01-23,969,Peru,2023-05-18
LRZW484978FFSETB96,Crissie,Peeke-Vout,Slinger,1951-10-20,464,Grecia,2022-12-04
LRZW484978FFSETB96,Crissie,Peeke-Vout,Slinger,1951-10-20,576,Mexico,2023-05-17
LRZW484978FFSETB96,Crissie,Peeke-Vout,Slinger,1951-10-20,760,Egipto,2022-12-27
LSHR529183HWBHTH73,Lamont,Kimmings,Manilove,1940-03-09,594,Egipto,2023-06-19
LSHR529183HWBHTH73,Lamont,Kimmings,Manilove,1940-03-09,954,Jordania,2023-01-31
LSRC116852HQQQOV18,Cello,Cockerell,Eginton,1982-04-18,165,Grecia,2023-07-12
LTYR193258HEXUMJ88,Cacilie,Carluccio,Dilrew,1925-06-27,321,Mexico,2022-11-18
LTYR193258HEXUMJ88,Cacilie,Carluccio,Dilrew,1925-06-27,33,Peru,2023-02-01
LTYR193258HEXUMJ88,Cacilie,Carluccio,Dilrew,1925-06-27,389,Jordania,2023-06-02
LTYR193258HEXUMJ88,Cacilie,Carluccio,Dilrew,1925-06-27,707,Grecia,2023-08-11
LWXF657235FQHUCT81,Olly,Duprey,Grissett,1982-03-31,515,Jordania,2022-12-19
LWXF657235FQHUCT81,Olly,Duprey,Grissett,1982-03-31,616,India,2023-03-08
LWZP645235FIUFJO57,Katie,Northleigh,Lammiman,1989-08-29,485,Peru,2023-03-03
LXJH171498FKMKRS24,Xena,Trevenu,Posselt,2003-03-16,66,Japon,2022-11-04
LXJZ521425HIAVUT28,Charlton,Peris,Beaconsall,1959-09-12,265,Jordania,2022-11-22
LYRY001593HQJZET66,Elfrida,Fripp,Noor,1986-07-18,351,Mexico,2022-12-15
LYRY001593HQJZET66,Elfrida,Fripp,Noor,1986-07-18,566,Jordania,2023-04-01
LYRY001593HQJZET66,Elfrida,Fripp,Noor,1986-07-18,577,Grecia,2022-12-12
MAOK092011FRGOEM35,Quinlan,Slayford,Flattman,1932-09-17,205,Jordania,2022-10-13
MATY516179HEZDGE26,Mufinella,Oakenford,Grishanin,1939-04-16,514,Grecia,2023-04-06
MBJX418510HZKXJH25,Florance,Gleader,Rochell,1963-05-21,23,Egipto,2023-03-23
MBJX418510HZKXJH25,Florance,Gleader,Rochell,1963-05-21,278,India,2023-03-28
MHWA289502HPAAWC35,Friedrick,Selkirk,Sire,1979-09-05,970,India,2023-08-15
MJZI757640FQACYD47,Angel,Maccrie,Ewins,1924-01-24,294,India,2023-08-23
MMCU915745FKBDAM68,Devon,Jaquemar,Klimke,1973-06-30,800,Mexico,2022-12-14
MMCU915745FKBDAM68,Devon,Jaquemar,Klimke,1973-06-30,866,Peru,2022-10-21
MNLX938819HJBJTG48,Broddy,Gercke,Stiffell,1944-07-24,546,Jordania,2023-07-06
MNLX938819HJBJTG48,Broddy,Gercke,Stiffell,1944-07-24,68,Peru,2022-11-11
MNLX938819HJBJTG48,Broddy,Gercke,Stiffell,1944-07-24,806,Mexico,2023-01-15
MNSY419622FIONPP54,Jonah,Feakins,Braybrook,1983-05-05,117,Egipto,2022-10-06
MNSY419622FIONPP54,Jonah,Feakins,Braybrook,1983-05-05,849,Egipto,2023-06-25
MNYT085201HQGJSH81,Pegeen,Langlands,Pickworth,2000-06-24,408,Mexico,2023-04-28
MNYT085201HQGJSH81,Pegeen,Langlands,Pickworth,2000-06-24,597,Peru,2023-08-13
MNYT085201HQGJSH81,Pegeen,Langlands,Pickworth,2000-06-24,888,Jordania,2022-10-13
MOVN098004HGCKJM65,Gerrie,Hake,Stuckey,1960-06-02,543,Mexico,2023-06-17
MPJB956125HBVYJO21,Filippa,MacGahy,Whale,1923-06-20,77,India,2023-02-09
MPQU552000HFDOPC37,Bobbye,Chadwin,Daingerfield,1941-05-09,167,India,2022-11-26
MPQU552000HFDOPC37,Bobbye,Chadwin,Daingerfield,1941-05-09,221,Mexico,2023-04-04
MQLX723723HEHMWY89,Adrea,Deme,Wharrier,1967-02-20,122,India,2023-03-15
MQLX723723HEHMWY89,Adrea,Deme,Wharrier,1967-02-20,212,Peru,2023-08-29
MRMG240435HGMMWI76,Lindon,Comley,Blum,1958-02-25,283,India,2022-11-22
MRMG240435HGMMWI76,Lindon,Comley,Blum,1958-02-25,288,Egipto,2023-06-14
MVPV929811FFJGSJ57,Lucienne,Tollady,Densie,1943-03-10,992,Jordania,2023-09-10
MWIM236209HXYZUB68,Devlin,Galletley,Alanbrooke,1953-02-09,287,Peru,2022-10-11
MWIM236209HXYZUB68,Devlin,Galletley,Alanbrooke,1953-02-09,304,Mexico,2023-03-16
MWUR184467HHMXUM21,Deanne,Wollacott,Hopfer,1989-07-08,2,Egipto,2023-07-27
MWUR184467HHMXUM21,Deanne,Wollacott,Hopfer,1989-07-08,987,Mexico,2023-06-21
MWVZ852440HRCJIG10,Errol,Rogier,Magowan,1939-06-22,593,Jordania,2022-09-18
MWVZ852440HRCJIG10,Errol,Rogier,Magowan,1939-06-22,997,Jordania,2023-05-07
MWYQ731285HTYOYB28,Casi,Amberg,Webburn,1936-08-14,632,India,2023-01-20
MWZI888840HBCLDF34,Tressa,Rotham,Miller,1997-10-22,420,Grecia,2023-02-02
MWZI888840HBCLDF34,Tressa,Rotham,Miller,1997-10-22,664,Jordania,2023-06-10
MXID108815HYHFZS97,Harrison,Prestie,Ainley,1974-01-06,187,Jordania,2023-05-20
MXID108815HYHFZS97,Harrison,Prestie,Ainley,1974-01-06,811,India,2022-11-02
MXKY498291HVVWFM36,Cesaro,Evangelinos,Redler,1978-01-07,417,Egipto,2023-01-05
MXKY498291HVVWFM36,Cesaro,Evangelinos,Redler,1978-01-07,682,India,2022-10-10
MXKY498291HVVWFM36,Cesaro,Evangelinos,Redler,1978-01-07,752,India,2023-05-07
MXLE057581FGIYZZ64,Sheeree,Gerrietz,Angrick,1975-07-05,156,India,2023-09-06
MXRH266304HADTCI38,Gaven,Gillcrist,Teresi,1977-03-19,139,Jordania,2023-05-31
MYEF708752HEWHAN23,Bancroft,Burnie,Gregore,1995-03-28,341,Peru,2023-06-30
MYHG563838HDOZQP04,Sherlock,Fegan,Seczyk,1976-03-30,570,Peru,2023-05-16
NAYQ761586FCPOCJ48,Bernice,Pietrowicz,McQuorkell,1978-09-17,826,India,2023-03-27
NCYY513482FKIRDJ54,Kally,Van den Dael,Cersey,1972-02-14,150,Egipto,2023-08-20
NCYY513482FKIRDJ54,Kally,Van den Dael,Cersey,1972-02-14,990,Grecia,2023-03-20
NDNG304477FNFGFK34,Shana,Billborough,McKennan,1924-07-29,850,Peru,2023-05-20
NEEH228402FVPTIJ89,Arron,Facchini,Coltart,1970-08-04,166,Grecia,2023-07-12
NFWT520914HWJADE37,Shay,Agglione,Minster,1945-12-17,821,Egipto,2022-12-25
NGZW016425FFLRKY13,Moise,Gavrielly,Flury,1966-09-04,833,India,2022-09-19
NGZW016425FFLRKY13,Moise,Gavrielly,Flury,1966-09-04,871,Grecia,2023-03-16
NIXG951292HIOIDN00,Mirabel,Bircher,Walkling,1932-06-09,903,India,2022-12-19
NKNY172277FWHIJI71,Veronique,Rickhuss,Songhurst,1982-07-10,620,Peru,2022-11-13
NKNY172277FWHIJI71,Veronique,Rickhuss,Songhurst,1982-07-10,769,Peru,2023-04-08
NKNY172277FWHIJI71,Veronique,Rickhuss,Songhurst,1982-07-10,89,Egipto,2023-06-23
NKQE560291FTHCDJ64,Artemus,Haffenden,Calfe,1978-05-15,301,Peru,2022-12-17
NKQE560291FTHCDJ64,Artemus,Haffenden,Calfe,1978-05-15,486,Grecia,2023-02-21
NKQE560291FTHCDJ64,Artemus,Haffenden,Calfe,1978-05-15,947,India,2023-08-17
NMCP208311HSPAZK01,Evin,Apple,Cahani,1961-11-21,962,India,2022-10-18
NMGX203937FZDEIE93,Kori,Wormald,Bartels-Ellis,1971-01-09,587,Mexico,2023-07-08
NNOD854740HIBJVM63,Jo,Sommerlin,Thomtson,1962-05-22,24,Egipto,2023-01-15
NNOD854740HIBJVM63,Jo,Sommerlin,Thomtson,1962-05-22,463,India,2022-12-01
NNZH228249HJBMAU02,Sheba,Matijevic,Ashtonhurst,1927-12-14,43,Egipto,2023-06-17
NNZH228249HJBMAU02,Sheba,Matijevic,Ashtonhurst,1927-12-14,609,Peru,2023-09-02
NODB866388FECLNT51,Tirrell,Twallin,Pimbley,1941-11-16,495,Egipto,2023-07-26
NODB866388FECLNT51,Tirrell,Twallin,Pimbley,1941-11-16,612,Grecia,2022-11-24
NOIL605708HHHGSO51,Kirbee,Byrkmyr,Mowling,1994-10-21,526,Jordania,2023-01-16
NOKY512161HGEXTB20,Dannel,Esch,Gencke,1987-03-13,50,Grecia,2023-03-03
NOMB303038HLKCPS66,Bernadine,Bridgestock,Du Fray,1941-07-08,254,Peru,2023-06-04
NQCA346926HGTPYA37,Randell,Shutte,Fludgate,1926-06-25,534,Grecia,2023-04-09
NRQS389515HNMBMC75,Elyn,Mustin,Randleson,1985-05-22,15,Peru,2023-07-16
NRXR848537FFWPVO42,Welby,Gall,Tuminini,1972-08-29,8,Egipto,2023-08-21
NTLF998985HVQAKT87,Bettina,McCrow,Frankton,1998-03-31,669,Jordania,2023-04-27
NTXG695227HVSLJG67,Ram,Nunson,Veal,1966-01-11,39,Peru,2023-05-09
NTXG695227HVSLJG67,Ram,Nunson,Veal,1966-01-11,552,Jordania,2023-02-01
NTXG695227HVSLJG67,Ram,Nunson,Veal,1966-01-11,923,Egipto,2023-05-25
NXBF969952FYUHWM21,Pierrette,Winman,Sweetzer,1931-02-12,208,Jordania,2023-06-28
NXBF969952FYUHWM21,Pierrette,Winman,Sweetzer,1931-02-12,513,Egipto,2023-07-30
NXSH023213HJLXEN75,Kenna,Grosvenor,Hagan,1986-05-08,241,Peru,2022-12-31
NXSH023213HJLXEN75,Kenna,Grosvenor,Hagan,1986-05-08,401,Jordania,2022-09-29
NXVK585419HZXYGP37,Hunfredo,Burds,Cropton,1936-11-19,23,EUA,2023-08-13
NYIP523423FSBGIZ39,Enos,Woller,Clutterham,1923-03-09,218,Mexico,2023-04-29
NYIP523423FSBGIZ39,Enos,Woller,Clutterham,1923-03-09,404,India,2023-06-18
NYPJ605005HFAGWB86,Gizela,Marchand,Martensen,1944-04-25,98,Jordania,2023-09-07
NZUM720883FIULED87,Gerek,Lilburn,Berthe,2001-10-07,483,Egipto,2023-07-31
OASG745680FOPNKW15,Nydia,Coping,Chetter,1965-10-24,470,Grecia,2023-08-07
OASG745680FOPNKW15,Nydia,Coping,Chetter,1965-10-24,956,Mexico,2022-10-05
OBMU581832FWPZFH32,Myrlene,McQuin,Salisbury,1995-08-28,163,Grecia,2022-12-15
ODKG105672FWZGOS38,Zelda,Robben,Bartolommeo,2003-09-10,467,Mexico,2023-05-05
ODKG105672FWZGOS38,Zelda,Robben,Bartolommeo,2003-09-10,528,Peru,2022-11-07
ODKG105672FWZGOS38,Zelda,Robben,Bartolommeo,2003-09-10,639,Egipto,2023-08-31
ODKG105672FWZGOS38,Zelda,Robben,Bartolommeo,2003-09-10,842,India,2022-12-27
ODKG105672FWZGOS38,Zelda,Robben,Bartolommeo,2003-09-10,998,Peru,2023-08-05
OELR519764FPZEEO93,Emmett,Bowhey,Pickersail,1981-09-30,189,Mexico,2022-11-18
OFKZ906505FMXFFH97,Forbes,Gulliver,Usher,1968-12-19,561,India,2023-09-08
OFKZ906505FMXFFH97,Forbes,Gulliver,Usher,1968-12-19,942,Peru,2023-01-29
OFYG646180HYTLTG94,Reggie,Walkingshaw,Littlekit,1967-08-19,474,India,2022-10-27
OFYG646180HYTLTG94,Reggie,Walkingshaw,Littlekit,1967-08-19,679,Mexico,2023-02-26
OHER159199HTAZXC36,Vicky,Chippendale,Dri,1987-11-13,974,Peru,2023-05-29
ONCW389114FGPWTU18,Adrien,Eronie,Brownfield,1950-09-16,557,Peru,2022-11-01
ONDB312735FLGYZQ55,Annabel,Ludy,Colman,1964-06-25,25,Peru,2023-07-02
OQCC894396FXOZGL53,Kleon,Raison,Ivanyushin,1941-03-03,425,India,2023-01-13
ORDQ711848HAEMTB77,Kora,Pottinger,Tappington,2000-03-05,747,Peru,2022-10-01
ORPS328995FDUDSY31,Eada,Salvidge,Gath,1980-02-19,946,India,2023-03-21
OSEI541034FRSLOR14,Corbin,Kenworthy,Bezley,1995-05-02,648,Peru,2022-09-25
OSEI541034FRSLOR14,Corbin,Kenworthy,Bezley,1995-05-02,873,India,2022-12-10
OSEP673576FOJOJK40,Edgar,Lamps,Chatband,1979-02-04,32,India,2023-01-03
OSHB835427HRSADV05,Susana,Grenfell,Bourhill,1968-12-09,801,Jordania,2023-08-24
OTMZ109135HXYIRT10,Verney,Heiner,McCart,1990-07-30,207,Egipto,2022-10-27
OTVA625090HQQZHT73,Adrian,Hammor,McNess,1958-12-01,493,Mexico,2023-05-10
OTVA625090HQQZHT73,Adrian,Hammor,McNess,1958-12-01,867,Jordania,2023-06-28
OVRZ036659FZCRWI07,Torrence,Marskell,Giddins,1998-08-20,830,India,2022-10-09
OWPB090629FYSRGK29,Sibylla,Redit,Rumsey,1956-10-04,17,Mexico,2023-07-21
OWPB090629FYSRGK29,Sibylla,Redit,Rumsey,1956-10-04,861,Peru,2023-03-03
OXIL430780FFFHHC55,Marilin,Couchman,Emer,1935-01-02,457,India,2022-10-16
OXIL430780FFFHHC55,Marilin,Couchman,Emer,1935-01-02,761,Jordania,2023-06-02
OXLI331928HPLCVC08,Verena,Bradane,Tzuker,1977-07-24,69,Peru,2023-09-03
OYCK272977HGHUGI02,Ariella,Shickle,Glass,1983-12-09,104,Egipto,2022-10-28
OYCK272977HGHUGI02,Ariella,Shickle,Glass,1983-12-09,258,Peru,2022-12-03
OYCK272977HGHUGI02,Ariella,Shickle,Glass,1983-12-09,381,India,2022-12-14
OYEE091056FQXNQO98,John,Blandford,Lucock,1933-08-24,224,Grecia,2023-02-22
OYEE091056FQXNQO98,John,Blandford,Lucock,1933-08-24,804,Peru,2022-12-05
OYYX536643HHRQVL55,Percy,D'Orsay,Guidetti,1969-03-28,667,Peru,2022-11-30
OYYX536643HHRQVL55,Percy,D'Orsay,Guidetti,1969-03-28,906,Peru,2022-10-15
OZIS982830HLLZUC72,Colet,Attwoul,Courtman,1962-05-04,602,Egipto,2023-05-31
OZNS961101FHQUGQ27,Mara,Avann,Walkowski,1999-08-06,279,Peru,2022-10-31
OZNS961101FHQUGQ27,Mara,Avann,Walkowski,1999-08-06,718,Egipto,2023-02-28
OZNS961101FHQUGQ27,Mara,Avann,Walkowski,1999-08-06,796,Egipto,2023-03-07
PAKJ221557FLUJSD42,Jamil,MacVay,Coch,1951-09-16,529,Jordania,2023-01-26
PCJA633178FYRGSZ33,Milicent,Crowche,Stuckow,1964-04-07,313,Peru,2022-12-17
PCOW778321HKIDZE29,Tamarra,Prys,Vuittet,1925-09-25,328,Grecia,2023-08-05
PCOW778321HKIDZE29,Tamarra,Prys,Vuittet,1925-09-25,38,Mexico,2023-08-01
PCYK536602HQDMQW56,Janeta,Gayforth,Landsbury,1952-09-30,133,Jordania,2022-10-07
PCYK536602HQDMQW56,Janeta,Gayforth,Landsbury,1952-09-30,186,Egipto,2023-06-21
PDRJ982823HVQHFZ64,Brad,Le Jean,Graham,1924-07-07,523,Grecia,2023-03-14
PEZF881016HNLNBC30,Susana,Sadler,Erlam,1936-04-05,284,Peru,2023-03-04
PEZF881016HNLNBC30,Susana,Sadler,Erlam,1936-04-05,462,Grecia,2023-06-20
PEZF881016HNLNBC30,Susana,Sadler,Erlam,1936-04-05,83,Grecia,2023-06-19
PGQS119532FHDJES49,Cherrita,Moresby,Streetfield,1934-03-08,453,Grecia,2023-06-20
PGVU424258HWZIDI96,Wally,Cluckie,Giovannacc@i,1995-01-06,792,Peru,2023-04-18
PGXD578627HASOFP57,Esma,Beastall,Braithwait,1999-07-03,162,Peru,2022-10-10
PGXD578627HASOFP57,Esma,Beastall,Braithwait,1999-07-03,72,Peru,2023-04-07
PHDE838001HQKBVN54,Jazmin,Jarrelt,Scanlan,1984-02-01,21,Japon,2023-03-15
PHDE838001HQKBVN54,Jazmin,Jarrelt,Scanlan,1984-02-01,27,Japon,2023-07-26
PHDE838001HQKBVN54,Jazmin,Jarrelt,Scanlan,1984-02-01,29,Malasia,2023-09-04
PHDE838001HQKBVN54,Jazmin,Jarrelt,Scanlan,1984-02-01,72,Malasia,2023-02-07
PHXQ961404HTQILU56,Diena,Goodfield,McBeith,1993-07-27,149,Peru,2023-03-23
PHXQ961404HTQILU56,Diena,Goodfield,McBeith,1993-07-27,366,Mexico,2022-10-04
PHXQ961404HTQILU56,Diena,Goodfield,McBeith,1993-07-27,531,India,2023-01-22
PKVW983539HZNMNP50,Agnese,Will,Ellings,1979-04-25,945,Mexico,2023-02-13
PLLU619743HYCAVN51,Chelsy,Caygill,Brosch,1951-05-26,42,Peru,2022-11-25
PLLU619743HYCAVN51,Chelsy,Caygill,Brosch,1951-05-26,569,Mexico,2023-04-20
PLQT795276FVUNMH15,Royall,Gavigan,Gusticke,1990-11-11,890,Peru,2023-06-12
PLSU965767FREAQC53,Reggis,Maier,Geering,1927-04-08,939,Grecia,2023-08-21
PNCX931628HNATMO48,Wang,Sloley,Steptow,2004-08-21,211,India,2022-09-26
PNCX931628HNATMO48,Wang,Sloley,Steptow,2004-08-21,753,Peru,2023-06-25
PNNX743878FJOTLL44,Letizia,Stempe,Saunderson,1959-09-14,387,Mexico,2023-05-14
PODZ630769HNFGZC39,Ynes,Cockcroft,Kabos,1971-09-24,248,Peru,2023-04-17
PPIS388942HULJUV56,Marv,Kinnach,Devin,2000-03-15,191,Egipto,2023-01-20
PPIS388942HULJUV56,Marv,Kinnach,Devin,2000-03-15,359,India,2023-04-29
PRCO312757FLWSKN25,Wye,Ianniello,Cockhill,1954-04-15,146,India,2022-11-18
PRCO312757FLWSKN25,Wye,Ianniello,Cockhill,1954-04-15,350,India,2022-09-24
PRCO312757FLWSKN25,Wye,Ianniello,Cockhill,1954-04-15,354,Jordania,2023-08-30
PSQE224452HQETDF37,Addia,Griffithe,Haryngton,2003-01-25,234,Peru,2023-06-06
PSQM702053HEFEKX52,Marthe,Leethem,Benbough,1988-02-27,42,Japon,2022-10-16
PSQM702053HEFEKX52,Marthe,Leethem,Benbough,1988-02-27,7,Japon,2023-08-12
PSQM702053HEFEKX52,Marthe,Leethem,Benbough,1988-02-27,78,Japon,2023-07-16
PTQJ751009FKSBZZ04,Derwin,Trymme,Foro,1942-07-31,364,Grecia,2023-04-14
PTQJ751009FKSBZZ04,Derwin,Trymme,Foro,1942-07-31,637,Jordania,2023-04-07
PTZQ423986FVIUVI65,Roanna,Twinn,McCorkindale,1985-12-20,405,Jordania,2023-02-14
PURK009328HUYXXD86,Malena,Gingle,Villa,1932-08-09,365,Egipto,2023-07-22
PUWZ345748HPDCEM43,Gayelord,Le Gassick,Yakunikov,1938-10-25,926,Grecia,2022-12-03
PWJR067797HRQDMI08,Berke,Boerder,Minghi,1991-07-26,109,Peru,2022-11-17
PWJR067797HRQDMI08,Berke,Boerder,Minghi,1991-07-26,749,Peru,2022-10-09
PXKG627871FARPNQ28,Paddie,Rozea,Cawte,1997-10-23,694,Peru,2022-11-14
PXWN045540HHTBOC69,Odilia,Baptie,Imlin,1939-10-14,243,India,2022-11-25
PYOS284930FGPSAC71,Demetris,Dorrington,Bezley,1995-01-10,429,Peru,2023-06-17
QBHA316596HOTTJW54,Rocky,MacElroy,Galler,2004-03-05,516,Egipto,2022-11-08
QBHA316596HOTTJW54,Rocky,MacElroy,Galler,2004-03-05,666,Grecia,2023-07-25
QBOT711079HUWTMZ76,Sal,Delue,Brecher,1987-09-28,643,Grecia,2022-11-12
QBOT711079HUWTMZ76,Sal,Delue,Brecher,1987-09-28,795,Egipto,2023-07-19
QBWZ965056FNYGAT68,Vincenz,Loffhead,Strangeways,1961-10-11,111,India,2023-07-01
QBWZ965056FNYGAT68,Vincenz,Loffhead,Strangeways,1961-10-11,714,India,2023-02-14
QCHP521611HCUBYK09,Wylie,Dodell,Millichap,1984-09-13,786,Mexico,2022-09-28
QCHP521611HCUBYK09,Wylie,Dodell,Millichap,1984-09-13,932,Peru,2023-06-05
QCHP521611HCUBYK09,Wylie,Dodell,Millichap,1984-09-13,958,Jordania,2022-12-12
QCKV582529FAQJQL48,Lib,Mowles,Kliment,1946-11-27,893,Grecia,2023-09-05
QDMI271645FCFTQK47,Estella,Noli,Barrar,1952-10-07,31,Malasia,2023-02-16
QDMI271645FCFTQK47,Estella,Noli,Barrar,1952-10-07,49,Malasia,2023-01-18
QDMI271645FCFTQK47,Estella,Noli,Barrar,1952-10-07,87,Francia,2023-02-08
QDMI271645FCFTQK47,Estella,Noli,Barrar,1952-10-07,88,Francia,2023-05-01
QDMI271645FCFTQK47,Estella,Noli,Barrar,1952-10-07,91,Francia,2023-06-17
QFOU095205HGMENT10,Madge,Askie,Gehrels,1953-01-19,480,Mexico,2023-07-03
QFOU095205HGMENT10,Madge,Askie,Gehrels,1953-01-19,886,Jordania,2023-02-14
QFOU095205HGMENT10,Madge,Askie,Gehrels,1953-01-19,957,Egipto,2023-04-17
QHYG064082HFCVNL96,Aura,Dykas,Zanardii,1964-12-24,275,Peru,2023-01-05
QHYG064082HFCVNL96,Aura,Dykas,Zanardii,1964-12-24,37,Jordania,2023-08-16
QIHV246927HULAJR95,Vance,Peaden,Arrigo,1985-10-05,675,Peru,2022-11-02
QIPG267765HSXQXX96,Marybelle,Winscum,Brose,1953-03-23,201,Peru,2022-12-07
QIUE327504HPNPSM10,Beverley,Gawkes,Fenby,1949-06-01,346,Egipto,2023-01-24
QLBE909469HWMLUK28,Teddie,Bazelle,Divine,1982-12-31,559,Grecia,2023-04-30
QLBE909469HWMLUK28,Teddie,Bazelle,Divine,1982-12-31,598,Jordania,2023-09-02
QLCI296391HWSSTP14,Mira,Ambrosini,Dominguez,1935-02-07,617,Peru,2023-07-21
QOAX489167HEOUHS75,Ade,Bernardotte,Rattenbury,1949-07-20,33,EUA,2022-12-04
QOAX489167HEOUHS75,Ade,Bernardotte,Rattenbury,1949-07-20,4,EUA,2023-08-16
QOAX489167HEOUHS75,Ade,Bernardotte,Rattenbury,1949-07-20,77,Malasia,2023-01-28
QQHK514114FDGBOO12,Onofredo,McGrowther,Rewcassell,1955-04-18,214,Grecia,2022-12-21
QRUY700545FQZZBA76,Estrella,Selkirk,Frossell,2002-02-07,298,Jordania,2023-03-07
QRUY700545FQZZBA76,Estrella,Selkirk,Frossell,2002-02-07,799,India,2023-01-18
QSQK278446HMFPGJ32,Clarine,Silby,Dashkov,1991-06-24,86,Francia,2023-06-19
QSQK278446HMFPGJ32,Clarine,Silby,Dashkov,1991-06-24,93,Francia,2023-07-14
QTHP784430HFQQSX52,Baryram,Lavalle,McEniry,1984-06-29,961,India,2023-07-11
QUBI747410FQKKOZ13,Nanni,Ligertwood,Brandi,1923-07-28,215,Grecia,2023-05-09
QUKI408505HFKURS52,Victor,Hargate,Whitley,1956-12-24,391,Jordania,2023-08-22
QUKI408505HFKURS52,Victor,Hargate,Whitley,1956-12-24,885,Peru,2022-11-11
QVBX906745FRDJUP25,Torr,Dautry,Gair,1955-01-14,398,Peru,2023-02-05
QVBX906745FRDJUP25,Torr,Dautry,Gair,1955-01-14,688,Egipto,2022-11-02
QWEC205501FVSOIJ37,Mariann,Vidloc,Kettell,1971-03-17,330,Jordania,2023-06-21
QWEC205501FVSOIJ37,Mariann,Vidloc,Kettell,1971-03-17,935,Jordania,2023-07-22
QWXA595457HEJRGO69,Bailie,Doddridge,Creedland,1977-04-09,793,India,2023-05-23
QWZG553139FZNUBQ34,Sabine,Mattisssen,Parkman,1987-06-03,733,Grecia,2022-09-27
QZEW612167HVJQBH98,Loutitia,Bettington,Kale,2001-05-03,745,Jordania,2022-12-31
QZOX764908HPOTMT07,Letitia,Kix,Ulyat,1950-07-24,138,Egipto,2023-08-26
RAVS589230FIDXNC70,Pierson,McQuarrie,Chatain,1990-12-15,900,Egipto,2022-09-26
RBKM489995HIREVW49,Gracie,Scantleberry,Jaquemar,1993-06-06,183,Peru,2022-09-13
RBKM489995HIREVW49,Gracie,Scantleberry,Jaquemar,1993-06-06,435,India,2022-12-19
RBKM489995HIREVW49,Gracie,Scantleberry,Jaquemar,1993-06-06,5,Peru,2022-10-17
RBKM489995HIREVW49,Gracie,Scantleberry,Jaquemar,1993-06-06,665,Grecia,2023-05-16
RBKM489995HIREVW49,Gracie,Scantleberry,Jaquemar,1993-06-06,814,Jordania,2023-05-01
RBMD991737HIYODS79,Felita,Wren,Ollenbuttel,1973-08-28,705,Egipto,2022-12-29
RCMU432473HTXHNL37,Janene,McKelvey,Flucker,1986-02-23,378,Mexico,2023-02-28
RCMU432473HTXHNL37,Janene,McKelvey,Flucker,1986-02-23,478,Peru,2023-05-01
RCMU432473HTXHNL37,Janene,McKelvey,Flucker,1986-02-23,630,Egipto,2023-04-14
RCTQ964765HUDPNR98,Cristionna,Hosby,Dorre,1946-11-06,400,Grecia,2023-09-08
RCVZ726294FXTPYQ83,Zane,Savile,Ballay,1938-12-12,25,Japon,2023-07-06
RCVZ726294FXTPYQ83,Zane,Savile,Ballay,1938-12-12,28,Malasia,2023-06-24
RDGP763710FWGFMN29,Gussie,Bloy,Itzakson,1939-04-30,772,India,2022-12-21
REFC809706FUEBKM61,Morgana,Lockwood,Pidgeley,1942-02-22,913,Egipto,2022-10-17
RELR363469FXYTLD64,Moishe,Stonall,Brafield,1993-12-13,938,Peru,2022-09-17
REVO679246FWKIXS96,Katharine,Wilsone,Lemonnier,1984-10-19,230,Egipto,2023-01-18
REVO679246FWKIXS96,Katharine,Wilsone,Lemonnier,1984-10-19,584,Egipto,2023-02-07
RFAJ233153FMYHLV15,Henry,Kraut,Jozsika,1927-08-22,392,Grecia,2023-07-20
RFAJ233153FMYHLV15,Henry,Kraut,Jozsika,1927-08-22,538,Grecia,2023-04-10
RHFB728521HCPJTG89,Cynde,Surgeoner,Hugli,1981-09-22,194,Egipto,2022-11-17
RHHS083896FXSQHX95,Prudi,Skipping,Egell,1995-03-07,757,Egipto,2023-07-20
RHMX376772FDQJLW74,Jocelyne,Pablo,Tarbath,1943-11-03,372,Mexico,2023-02-17
RHMX376772FDQJLW74,Jocelyne,Pablo,Tarbath,1943-11-03,525,Egipto,2023-03-12
RJJC905234HLYDJV18,Lucretia,Fishbourne,Escalero,1953-07-09,446,Jordania,2023-07-16
RJJC905234HLYDJV18,Lucretia,Fishbourne,Escalero,1953-07-09,448,Egipto,2023-09-07
RKFC711462FKRHKS98,Rockwell,Gatus,Chaplin,1960-09-17,386,Mexico,2023-09-06
RKVT861171FAGWGE60,Thaine,Beardsworth,Mobius,1969-11-20,87,Grecia,2023-01-31
RMTY083318HDKRVN11,Nicolette,Hadwen,Scyone,2001-11-07,136,Mexico,2023-04-01
RMVD164336HKECXO58,Karon,Normavell,Gashion,1934-11-23,276,Egipto,2022-12-08
RMVD164336HKECXO58,Karon,Normavell,Gashion,1934-11-23,771,Peru,2023-01-03
RNOD813480FHGNTC52,Mel,Jakubovicz,Kubiak,1926-01-19,331,Egipto,2023-03-17
ROFT679127HCOOLX05,Jacintha,Colpus,Borland,1957-09-24,822,Jordania,2023-09-01
ROPH557894FUVZIM47,Odette,Fagge,Cupitt,1970-05-02,722,Egipto,2023-08-26
RRCE218141HXBZEF19,Laura,McBayne,Rolfini,1931-07-17,342,Grecia,2023-01-01
RRGB894932FSQQTT51,Alfred,Gwynn,Townend,1983-09-26,339,Egipto,2023-09-05
RTFF057237HJZLLX85,Demetra,Hatton,Huggan,1986-02-24,689,Jordania,2023-05-31
RVTL334388HUCJCU37,Linzy,Grolmann,Loftin,1953-04-09,872,Peru,2023-04-27
RWDN779417FZOCDU81,Iolande,Sacase,Zuanazzi,1953-11-16,412,Egipto,2023-05-29
RWLY551026HOFEZG60,Angeli,Katt,Essberger,1984-01-28,416,Peru,2022-11-13
RWLY551026HOFEZG60,Angeli,Katt,Essberger,1984-01-28,955,Grecia,2023-08-02
RXHS129504FUJKJA48,Nikolai,Helder,Whitlam,1970-09-25,57,Peru,2023-04-02
RXHS129504FUJKJA48,Nikolai,Helder,Whitlam,1970-09-25,603,Jordania,2023-06-17
RXHZ563116HAFVFB64,Deirdre,McCarney,Habbema,2000-08-06,54,Jordania,2022-12-19
RYVM140122HBNAMC25,Murdoch,Leakner,Niccols,1978-06-28,413,Egipto,2022-11-22
RYVM140122HBNAMC25,Murdoch,Leakner,Niccols,1978-06-28,512,Mexico,2023-08-31
SAGS367074FXNTLN69,Olenolin,Matthews,Whild,1984-08-28,368,Peru,2023-07-11
SBMK131809FYAMYC71,Mada,Collard,Higginbottam,1989-12-14,324,Jordania,2022-10-17
SBMK131809FYAMYC71,Mada,Collard,Higginbottam,1989-12-14,338,Grecia,2023-08-20
SDBD156541HGFCTH07,Arielle,Heustace,Pyle,1939-07-21,154,Peru,2022-12-25
SDBD156541HGFCTH07,Arielle,Heustace,Pyle,1939-07-21,226,India,2023-03-17
SECK601487HZRAJC12,Gratia,Creedland,Nye,1976-01-20,282,Peru,2023-01-20
SECK601487HZRAJC12,Gratia,Creedland,Nye,1976-01-20,509,India,2023-01-07
SECK601487HZRAJC12,Gratia,Creedland,Nye,1976-01-20,655,Mexico,2022-12-28
SECK601487HZRAJC12,Gratia,Creedland,Nye,1976-01-20,713,Egipto,2023-03-07
SHJQ978284FKKBVE98,Evvie,Ludman,Groome,1959-05-24,754,Mexico,2023-08-15
SHKT506064FSNRYE53,Ninetta,Tapper,Reames,1992-08-27,517,India,2023-08-05
SIOY444060FOYAJA03,Hanni,Dandie,Hollier,1952-09-25,101,India,2022-09-25
SITO587060HSRAHR81,Scarlet,Mantrip,Banat,1953-04-03,887,India,2022-11-08
SKYG474966HACTVP71,Worthington,Glastonbury,Merali,1990-09-19,783,Mexico,2022-12-21
SLHH923962HEUYEA82,Stace,Pond,Trinder,1944-11-18,880,Mexico,2023-04-16
SLMO871317FCKDNT74,Horace,Waring,Nourse,1938-04-15,108,India,2023-04-05
SMHM990196HRGLUF63,Jemimah,Mattheus,Udall,1931-12-01,451,Peru,2023-03-12
SMHM990196HRGLUF63,Jemimah,Mattheus,Udall,1931-12-01,810,India,2023-01-04
SNMF616843HWOATL82,Hatti,Ribey,Hurst,1970-08-28,297,Mexico,2023-06-05
SNMF616843HWOATL82,Hatti,Ribey,Hurst,1970-08-28,473,Mexico,2023-07-06
SOXN865028HUZYMM61,Lulita,Jorn,Blackall,1952-08-03,611,Egipto,2022-09-18
SOXN865028HUZYMM61,Lulita,Jorn,Blackall,1952-08-03,918,India,2023-04-12
SOXN865028HUZYMM61,Lulita,Jorn,Blackall,1952-08-03,973,Egipto,2022-11-21
SQBY784561FGWPOC34,Rosalie,Harteley,Finlator,1980-03-08,986,Grecia,2023-03-30
SQQI188354FQWQMM42,Bartholomeo,Francey,Antram,1927-06-10,415,Peru,2023-04-16
SQQI188354FQWQMM42,Bartholomeo,Francey,Antram,1927-06-10,937,Peru,2023-08-08
SRCQ418647FPDDYM24,Felike,Tippler,Sarjant,1929-12-03,708,Grecia,2022-09-13
SRCQ418647FPDDYM24,Felike,Tippler,Sarjant,1929-12-03,86,Egipto,2023-03-23
SVLI714785HOHQLG66,Andris,Boobier,Newhouse,1937-03-05,94,Japon,2023-07-08
SVLI714785HOHQLG66,Andris,Boobier,Newhouse,1937-03-05,95,Malasia,2022-10-01
SZEE455330FAMDSH24,Em,Ferronel,Arundel,1944-09-10,155,Grecia,2023-03-29
TBUQ920421FHYYKR33,Hazlett,Ondrousek,Clucas,1950-07-01,784,Egipto,2022-09-26
TCNQ043621HACKNE81,Cassey,Urwen,Wines,1930-11-30,430,Grecia,2023-03-02
TCNQ043621HACKNE81,Cassey,Urwen,Wines,1930-11-30,49,Grecia,2023-03-01
TEJP752912FMZRVE28,Ahmed,Ogborn,Bellefant,1980-02-17,144,Peru,2023-04-05
TEJP752912FMZRVE28,Ahmed,Ogborn,Bellefant,1980-02-17,91,Peru,2023-01-18
TFEW553217FAJKDL89,Moses,Broadwell,Fearneley,1956-09-19,731,Jordania,2022-09-19
TFEW553217FAJKDL89,Moses,Broadwell,Fearneley,1956-09-19,878,Peru,2022-11-08
TGCN423483HSOQUA22,Josiah,Locker,Hackey,1992-10-16,196,Peru,2022-10-25
TJWY389246HNPOAM24,Thoma,Ilyin,Besemer,1957-02-12,482,Grecia,2023-04-17
TJWY389246HNPOAM24,Thoma,Ilyin,Besemer,1957-02-12,579,Grecia,2023-04-03
TKKK771114HDEPFW75,Corey,Menel,Rentelll,1951-05-02,202,Peru,2023-07-17
TKKK771114HDEPFW75,Corey,Menel,Rentelll,1951-05-02,702,India,2022-09-15
TLWV850278HQRWNB72,Alric,Ennals,Chellingworth,1961-04-11,738,Grecia,2022-12-21
TLYX254030FHFODF59,Correna,de Bullion,Biggans,1932-10-12,661,India,2023-03-04
TOEG120959HBJOGK57,Derron,Schellig,Uren,1961-08-27,654,Egipto,2023-09-11
TOEG120959HBJOGK57,Derron,Schellig,Uren,1961-08-27,88,Mexico,2022-11-10
TOZL955775FQPUHP65,Lainey,Bram,Maydwell,1981-09-03,592,Egipto,2023-08-25
TOZL955775FQPUHP65,Lainey,Bram,Maydwell,1981-09-03,779,Jordania,2023-01-19
TOZL955775FQPUHP65,Lainey,Bram,Maydwell,1981-09-03,916,Peru,2023-07-11
TPHD637293FXXWDQ53,Colet,Kezor,Broady,1931-09-16,123,India,2023-09-02
TQDI372413HZVMQS14,Imogene,Shearmer,Fitt,1934-06-11,309,Mexico,2023-04-13
TQIW696873HEUCOH82,Bernardina,McArdle,Denton,1950-05-25,114,Jordania,2022-12-23
TRGH430436FHLUUZ51,Rudd,Finlan,Wozencraft,1985-06-11,623,Peru,2022-11-23
TRGH430436FHLUUZ51,Rudd,Finlan,Wozencraft,1985-06-11,71,India,2023-02-13
TRGN346462HDKJSY16,Myranda,Farnell,Ratter,1939-07-09,11,EUA,2022-12-01
TRGN346462HDKJSY16,Myranda,Farnell,Ratter,1939-07-09,65,Japon,2023-01-02
TRTT143614FEWJBF34,Faydra,Farnell,MacAlees,1969-09-25,556,India,2023-03-09
TTQU825569FAQIZX02,Rora,Gutowska,Fazackerley,1960-10-14,347,Mexico,2022-10-11
TTZI542806FQENUM64,Teodoor,Windross,Miere,2001-01-22,396,Jordania,2022-11-15
TTZI542806FQENUM64,Teodoor,Windross,Miere,2001-01-22,476,Grecia,2022-09-16
TVAI017671HLPMHS08,Hammad,Mordy,Dean,1983-04-13,440,Egipto,2022-12-01
TVAI017671HLPMHS08,Hammad,Mordy,Dean,1983-04-13,764,Mexico,2023-03-17
TVCL463943FOMETA84,Arty,Straine,Tretter,1973-03-07,145,Grecia,2023-01-24
TVCL463943FOMETA84,Arty,Straine,Tretter,1973-03-07,972,Egipto,2022-11-01
TYDW727538HAWHTN07,Anthea,Minihane,Wontner,1961-08-25,835,Grecia,2023-05-24
TYRK847794FEVUJU39,Kaela,Tonepohl,Shynn,1926-06-25,158,Jordania,2022-11-06
TYRK847794FEVUJU39,Kaela,Tonepohl,Shynn,1926-06-25,905,India,2023-02-05
UFDM819692FSOOUL14,Stan,Lakes,Bollans,1927-12-08,30,Mexico,2023-01-28
UFDM819692FSOOUL14,Stan,Lakes,Bollans,1927-12-08,591,Grecia,2023-05-01
UFLK022145HTEDNT20,Viviyan,Cricket,Spileman,1967-04-19,356,Peru,2023-08-17
UFLK022145HTEDNT20,Viviyan,Cricket,Spileman,1967-04-19,550,Grecia,2023-07-31
UGSV822607FWCHPA89,Kellsie,Cleaton,Migheli,1944-03-29,845,Grecia,2023-06-14
UIXF413717HCUMQZ61,Barrie,Haldane,Clynter,1951-05-03,100,EUA,2023-04-14
UIXF413717HCUMQZ61,Barrie,Haldane,Clynter,1951-05-03,92,Japon,2023-08-01
UIXF413717HCUMQZ61,Barrie,Haldane,Clynter,1951-05-03,97,Malasia,2023-03-11
UJZL746459HJQTHW53,Felicio,Gorke,Pisco,1972-08-28,403,Jordania,2023-06-26
UKEH289152FCGDXX26,Beth,Mintrim,Clashe,1995-08-13,20,Peru,2022-12-09
ULJC810277HTPFOT70,Edvard,Wearden,Pettett,2004-08-01,232,Grecia,2023-05-30
ULJC810277HTPFOT70,Edvard,Wearden,Pettett,2004-08-01,47,Mexico,2023-05-16
UNNB029134FGJEBD51,Rebbecca,Pineaux,Lanfere,1946-03-25,672,Egipto,2023-03-11
UNNB029134FGJEBD51,Rebbecca,Pineaux,Lanfere,1946-03-25,940,Grecia,2023-04-25
UOPH882343HSKFHI29,Jada,Beloe,King,1948-11-08,22,India,2023-09-08
UPQE581833FMTNIJ99,Rasla,Leopard,Mattussevich,1944-11-29,563,Grecia,2023-02-20
UQET599503HOBMGH42,Miguela,Daubney,I'anson,1933-01-22,293,Jordania,2023-04-09
UQET599503HOBMGH42,Miguela,Daubney,I'anson,1933-01-22,423,Peru,2023-01-16
UQET599503HOBMGH42,Miguela,Daubney,I'anson,1933-01-22,618,India,2023-05-18
UQET599503HOBMGH42,Miguela,Daubney,I'anson,1933-01-22,73,Mexico,2023-06-03
UROD457694FHAZBK74,Mehetabel,Croxley,Vowden,1939-07-13,242,Egipto,2022-11-28
UROD457694FHAZBK74,Mehetabel,Croxley,Vowden,1939-07-13,274,India,2023-05-11
UROD457694FHAZBK74,Mehetabel,Croxley,Vowden,1939-07-13,681,India,2023-06-24
UROD457694FHAZBK74,Mehetabel,Croxley,Vowden,1939-07-13,687,Peru,2023-08-30
URSZ562669HTXQFE64,Cara,Vidler,Kivits,1962-10-15,642,Egipto,2023-06-26
URSZ562669HTXQFE64,Cara,Vidler,Kivits,1962-10-15,668,Grecia,2022-10-23
URTW473196HDURFU40,Dore,Ambrogioni,Stansbury,1984-12-25,676,Grecia,2023-06-04
UTSA395077HTEPUN05,Vidovik,Sneath,Athey,1971-01-27,270,India,2023-03-21
UVYE934842FFRDOK90,Martin,Gammell,Gabala,1940-11-15,768,Jordania,2023-06-20
UZCL121827FIZFRX66,Vaughan,Hennington,Canny,1940-02-06,710,Jordania,2022-12-31
UZCL121827FIZFRX66,Vaughan,Hennington,Canny,1940-02-06,727,Egipto,2023-03-02
VCXE054735FFNMTT12,Elana,Piddock,Dranfield,1943-04-01,120,Grecia,2023-05-10
VCXE054735FFNMTT12,Elana,Piddock,Dranfield,1943-04-01,678,India,2023-08-09
VERJ996462FKYMJK91,Spense,Merrilees,Botger,1927-04-21,494,Peru,2022-09-29
VEXW014000FRIYND40,Felicio,Treacy,Luddy,1973-10-14,736,Grecia,2023-06-06
VIFZ723361HQGDMN56,Woodman,Bysshe,Doncaster,1953-04-17,471,Egipto,2023-07-04
VION177352FYAGXE63,Hedvige,Furse,Phorsby,1999-09-12,371,Mexico,2022-10-17
VION177352FYAGXE63,Hedvige,Furse,Phorsby,1999-09-12,777,India,2023-08-03
VION177352FYAGXE63,Hedvige,Furse,Phorsby,1999-09-12,790,Mexico,2023-03-21
VJER960401HQWDZP40,Moore,Lillegard,Agostini,1995-05-06,615,Mexico,2023-04-25
VJJR564678FVFJKW42,Gifford,Ginger,Minker,1954-01-18,951,India,2023-06-02
VJYR002291HXVIKX02,Feliks,Mattiuzzi,Northill,1976-01-10,173,India,2023-04-01
VJYR002291HXVIKX02,Feliks,Mattiuzzi,Northill,1976-01-10,967,Grecia,2023-03-04
VMTV353608FTIEHG35,Tommy,Martinat,Nettles,1925-01-15,137,Grecia,2023-05-07
VMTV353608FTIEHG35,Tommy,Martinat,Nettles,1925-01-15,337,Mexico,2023-08-26
VMTV353608FTIEHG35,Tommy,Martinat,Nettles,1925-01-15,685,Grecia,2023-03-28
VMTV353608FTIEHG35,Tommy,Martinat,Nettles,1925-01-15,785,India,2023-06-12
VPCL216392FSSNQH46,Stacy,Done,Ivasechko,1969-11-25,106,Peru,2022-09-15
VPCL216392FSSNQH46,Stacy,Done,Ivasechko,1969-11-25,490,Grecia,2023-01-25
VPCL216392FSSNQH46,Stacy,Done,Ivasechko,1969-11-25,596,Grecia,2022-09-22
VVRZ017068FUDBBW90,Padget,Piercey,Randal,1969-01-21,527,Grecia,2023-03-13
VWJT031197HQYUPA72,Darnell,Spivie,Housego,1929-05-07,432,India,2023-01-24
VWJT031197HQYUPA72,Darnell,Spivie,Housego,1929-05-07,712,India,2023-08-25
VWQM630162HNNURM80,Dalis,Arnoldi,Thiem,1965-12-22,535,Grecia,2023-05-12
VXQC027422HKLDST66,Berrie,Ryce,Baudains,1985-08-12,314,Egipto,2022-09-16
WBBK254944FRRKTP43,Odelia,Licciardello,Broy,1927-08-16,222,Peru,2023-06-16
WBBK254944FRRKTP43,Odelia,Licciardello,Broy,1927-08-16,936,Egipto,2023-04-17
WBCL690304FKNPSU88,Adlai,Melonby,Conybear,1974-06-22,864,Mexico,2023-09-10
WBKS913139FVXWOW42,Angelo,Franzke,Rapin,1956-03-06,662,Peru,2023-01-06
WBKS913139FVXWOW42,Angelo,Franzke,Rapin,1956-03-06,818,Mexico,2023-08-21
WBSD749015HZOFRZ53,Morgan,Betteney,Paley,1941-09-08,574,Jordania,2022-11-26
WBSD749015HZOFRZ53,Morgan,Betteney,Paley,1941-09-08,723,Jordania,2023-01-29
WBSW802650FZWPVH40,Hermia,Davidge,Aleksandrikin,1978-02-18,84,Mexico,2022-10-18
WCGB933426FRCPPW11,Blondell,Andresen,Blackhall,1926-11-01,247,Egipto,2022-10-14
WCGB933426FRCPPW11,Blondell,Andresen,Blackhall,1926-11-01,721,Mexico,2023-08-17
WEJW424894HFLNGL05,Darcie,Orteau,Ziems,1980-07-02,791,India,2023-03-09
WFWU894418HAQFLX13,Alison,Rothman,McMonnies,1939-08-15,237,Mexico,2023-02-16
WFWU894418HAQFLX13,Alison,Rothman,McMonnies,1939-08-15,739,Grecia,2023-05-15
WHWE957382HYTOJZ82,Bendite,Dwelley,Filyushkin,2003-02-28,917,India,2023-05-04
WIJD079240HIBVYT92,Oliver,McMurty,Dusey,1937-02-17,426,Mexico,2022-10-03
WJBS492830FFZKVW69,Gregor,Kleint,Kapiloff,1972-09-20,131,Peru,2023-07-30
WJBS492830FFZKVW69,Gregor,Kleint,Kapiloff,1972-09-20,651,India,2023-04-01
WJBS492830FFZKVW69,Gregor,Kleint,Kapiloff,1972-09-20,652,Grecia,2022-09-18
WJCP294839HUACPI38,Rosalind,Creighton,Kingdom,1935-05-15,235,Egipto,2022-11-08
WJCP294839HUACPI38,Rosalind,Creighton,Kingdom,1935-05-15,308,India,2022-12-05
WJCP294839HUACPI38,Rosalind,Creighton,Kingdom,1935-05-15,933,Grecia,2022-09-23
WLFX135146FJLUID19,Derick,Reddick,Yearnes,1937-08-09,921,Egipto,2022-10-12
WLNO913532HFUHNZ64,Miguelita,Spillard,Ciccottio,1997-02-08,560,India,2022-11-08
WLNO913532HFUHNZ64,Miguelita,Spillard,Ciccottio,1997-02-08,762,Peru,2023-07-02
WMTB809501HBNHSB35,Aube,Branford,Cullon,2003-05-13,1,Mexico,2022-12-08
WMTB809501HBNHSB35,Aube,Branford,Cullon,2003-05-13,489,India,2022-12-31
WNYP031496FALPZX95,Kirstyn,Girardeau,Botcherby,1971-09-15,624,Mexico,2022-11-15
WNZS774150FWHAKO72,Deerdre,Hinkens,Petrol,1993-04-09,30,Francia,2023-09-03
WNZS774150FWHAKO72,Deerdre,Hinkens,Petrol,1993-04-09,38,Japon,2023-08-14
WQDG816687FZFDWV38,Cristie,Weakley,Mincini,1964-05-18,195,Mexico,2023-03-18
WQDG816687FZFDWV38,Cristie,Weakley,Mincini,1964-05-18,271,Egipto,2022-10-26
WQDG816687FZFDWV38,Cristie,Weakley,Mincini,1964-05-18,362,Jordania,2022-10-05
WQSV772124HEBICQ59,Yurik,Todarini,MacElharge,1976-02-16,397,Grecia,2023-04-16
WRLN938118FQOCRY04,Laurena,Michelotti,Spencelayh,1976-09-06,884,India,2023-03-04
WRLN938118FQOCRY04,Laurena,Michelotti,Spencelayh,1976-09-06,963,Peru,2022-09-20
WTBC615978HEIREC55,Sheffield,Branscombe,Cavie,1966-07-18,583,India,2023-04-01
WWIF481274HEEQNJ95,Beatrisa,Wenban,Titherington,1958-08-14,407,Jordania,2022-11-30
WWYP523085HMKXWW30,Yvon,Muslim,Skinner,1980-01-16,244,India,2023-02-25
WYII366839HMFKPP82,Pauli,Arblaster,Shannahan,1959-05-29,115,Mexico,2022-12-14
WYMT580520HVHTLM89,Dalenna,Tidbold,Lilleman,1977-06-16,424,Jordania,2022-11-01
WZKV248305HMGJHO35,Ingeborg,Oxborough,Tommasetti,2000-12-01,497,Mexico,2023-09-11
WZKV248305HMGJHO35,Ingeborg,Oxborough,Tommasetti,2000-12-01,63,Peru,2023-05-18
WZKV248305HMGJHO35,Ingeborg,Oxborough,Tommasetti,2000-12-01,740,Egipto,2022-11-18
XAAY639794HHOQQB90,Reeta,Mylechreest,Roark,1967-07-21,520,India,2023-09-03
XACF813158HIEYBJ07,Weston,Double,Snozzwell,1946-05-16,256,Mexico,2023-06-05
XAMU491442FKNJLV16,Rosaline,Heaney`,Gye,1925-11-22,151,India,2023-06-20
XBUP119765HKIASF34,Harald,Ivic,Wellbeloved,1951-08-28,159,Grecia,2023-03-08
XBVM827754FDMWCJ40,Jesse,Lindwasser,Hanvey,2000-05-28,74,Malasia,2023-07-10
XCGB736559FOOYZE72,Van,Calwell,Tomich,1955-09-20,129,Jordania,2023-02-16
XCGB736559FOOYZE72,Van,Calwell,Tomich,1955-09-20,375,India,2023-05-28
XECV416583FPYBRM80,Regina,Shelborne,Ife,2004-07-30,449,Peru,2023-05-07
XFMN672293FXGZWB70,Erick,Mertin,Tenaunt,1938-11-18,291,Egipto,2023-08-09
XFTL178971HHMQZT40,Alice,Sundin,Quenell,1959-08-20,422,Jordania,2022-09-20
XGQW263085FOMCDL37,Grace,Christy,Partington,1973-05-22,352,Grecia,2023-09-01
XGQW263085FOMCDL37,Grace,Christy,Partington,1973-05-22,369,Grecia,2023-06-16
XILL053263HGPSTO46,Bren,Samwayes,O'Lunny,2000-07-30,116,Mexico,2023-04-09
XIVU362211FHYHQR55,Sutherlan,Plumm,Cauthra,1987-11-01,948,Grecia,2023-05-12
XKLE815663FXDKPC58,Gloria,Wennington,McClure,1934-07-20,307,India,2023-06-30
XKLE815663FXDKPC58,Gloria,Wennington,McClure,1934-07-20,631,Mexico,2023-03-03
XKLE815663FXDKPC58,Gloria,Wennington,McClure,1934-07-20,634,India,2023-07-31
XPSK400381HBRVZO19,Paola,Pocklington,Bogays,1958-07-02,176,Peru,2022-11-23
XPSK400381HBRVZO19,Paola,Pocklington,Bogays,1958-07-02,182,India,2022-10-28
XPUH380193FAMZAS89,Sallee,Spruce,Pudsall,2000-04-13,112,Mexico,2023-07-12
XPUH380193FAMZAS89,Sallee,Spruce,Pudsall,2000-04-13,200,Egipto,2023-04-02
XPUH380193FAMZAS89,Sallee,Spruce,Pudsall,2000-04-13,468,Grecia,2022-09-24
XQEI727501HHZXIY26,Gilly,Hursthouse,Warcup,1943-01-27,477,India,2022-10-06
XROM210281HJORYP45,Jannelle,Delete,Aindrais,1981-05-17,767,Peru,2023-01-14
XRPC643569HGGHDW48,Kial,Mizzen,Brotherton,1954-01-17,894,India,2023-04-05
XRVM311875FJVIDO19,Emmey,Cottu,Pilmoor,1944-10-15,452,Peru,2022-09-19
XSMN307398FGYDTY39,Celestina,Burris,Warsop,1951-02-14,153,Grecia,2023-02-06
XTZP242255HKUHPE41,Elvera,Stutard,Yanele,1999-05-04,879,Grecia,2023-07-15
XUGI446320FYMURL48,Ches,Phuprate,Heliet,1939-03-15,787,Peru,2023-08-31
XUOF842416FOHPLP32,Rayner,Gookey,Petofi,1923-11-18,28,India,2022-12-21
XVTF466850FQIJWN20,Debor,Gellett,Fante,1961-10-21,896,Egipto,2023-08-06
XWYO480557HXOBLQ78,Chiquia,Hubbucke,Mantz,1981-02-22,659,Mexico,2023-06-06
XYAM212300HZOESP42,Karla,Turle,Scouler,1991-12-25,36,Jordania,2023-01-03
XYGA188118HYCJRL74,Alfons,Aubery,Neville,1971-03-25,454,Egipto,2022-11-29
XYGA188118HYCJRL74,Alfons,Aubery,Neville,1971-03-25,547,Egipto,2023-02-06
XZPS561675HAGHHG86,Davida,Wofenden,Tomaskunas,1952-12-20,240,Grecia,2022-09-26
XZPS561675HAGHHG86,Davida,Wofenden,Tomaskunas,1952-12-20,273,Mexico,2022-09-23
XZPS561675HAGHHG86,Davida,Wofenden,Tomaskunas,1952-12-20,943,Egipto,2022-10-13
YCPX293261HWDKLK38,Emmy,Clue,Hofer,1969-08-29,1,Francia,2023-07-20
YCPX293261HWDKLK38,Emmy,Clue,Hofer,1969-08-29,18,EUA,2023-07-17
YDLW270061FLFAUI29,Erhart,Dabling,Slayford,1933-06-19,128,Egipto,2023-09-10
YDTH788603FQMMBE38,Rooney,Kelberer,Braunle,1937-11-10,732,Mexico,2023-03-18
YGJX364677FFVWCL16,Zeke,Scranedge,Dunkerton,1926-04-23,395,Egipto,2023-01-30
YIHF354219HEMDTQ15,Chico,Le Clercq,Leeson,1992-12-12,931,Mexico,2022-10-27
YISC685367FDRMUE41,Catlin,Balasini,Pedrick,1991-02-11,638,Mexico,2023-07-16
YKYJ035056HSSQVH28,Lynette,Andresser,Mccaull,1949-11-10,854,Jordania,2022-11-19
YLSZ780071HEIKVX49,Francesco,Bodley,Sotham,1990-05-18,229,India,2023-09-06
YLSZ780071HEIKVX49,Francesco,Bodley,Sotham,1990-05-18,456,Egipto,2022-12-19
YLUB788947FYZQKD65,Jermaine,Grundwater,Laux,1992-01-29,26,Egipto,2023-03-25
YLVE434260HCRZSL48,Benjamen,Vidineev,Yarker,1926-11-08,443,Jordania,2023-08-08
YMEI126700FJYQBS16,Isacco,Turville,Sibray,1956-03-01,390,Peru,2023-01-17
YMHA703716FDCQTL38,Gav,Beggin,Branca,1929-04-17,5,Malasia,2023-01-12
YQAP024400HSYJBM92,Inigo,Hughes,Jerschke,1973-10-05,96,Malasia,2023-02-19
YSJS893143HLLZHN68,Nicolea,Jardein,Salatino,1964-08-18,52,Jordania,2023-06-07
YTHR938947HUQVSO54,Kissiah,Standeven,Reignard,1963-01-20,384,Mexico,2023-07-24
YTHR938947HUQVSO54,Kissiah,Standeven,Reignard,1963-01-20,503,Peru,2022-10-30
YTHR938947HUQVSO54,Kissiah,Standeven,Reignard,1963-01-20,907,Mexico,2022-10-20
YTXC335387HXQPWH25,Roxine,Lowin,MacMakin,1923-04-14,521,Grecia,2023-01-15
YTXC335387HXQPWH25,Roxine,Lowin,MacMakin,1923-04-14,92,Grecia,2023-08-11
YUJW727882FDKNYC94,Clem,Grundon,Neate,1930-05-22,530,Jordania,2023-02-02
YUJW727882FDKNYC94,Clem,Grundon,Neate,1930-05-22,701,Mexico,2022-11-04
YURR176951HNYMID54,Mollee,Craze,Dows,1944-11-27,803,Egipto,2023-08-03
YURR176951HNYMID54,Mollee,Craze,Dows,1944-11-27,914,Grecia,2023-06-04
YVQQ596731FVZLSI62,Roley,Thurber,Duffin,1942-04-12,436,Jordania,2023-03-27
YVQQ596731FVZLSI62,Roley,Thurber,Duffin,1942-04-12,458,India,2023-03-28
YVQQ596731FVZLSI62,Roley,Thurber,Duffin,1942-04-12,74,Mexico,2022-11-28
YXVN436643HVPTTD26,Pauletta,Sarton,McCandless,1957-08-10,698,Grecia,2022-10-28
YXVN436643HVPTTD26,Pauletta,Sarton,McCandless,1957-08-10,840,Egipto,2022-10-06
YXVN436643HVPTTD26,Pauletta,Sarton,McCandless,1957-08-10,991,India,2023-08-15
YYNS937869HOMHWC98,Bertrando,Coltherd,Beamiss,1973-10-24,306,Mexico,2023-02-16
ZCEK279024FROTFA87,Merna,Ashforth,Vassman,1997-10-27,13,India,2022-11-24
ZCEK279024FROTFA87,Merna,Ashforth,Vassman,1997-10-27,581,Grecia,2022-12-30
ZCEK279024FROTFA87,Merna,Ashforth,Vassman,1997-10-27,6,Peru,2023-05-02
ZCMJ316814FFUWNJ97,Kendrick,Goundry,Hacquoil,1955-11-25,798,Egipto,2023-02-13
ZDIT541297FFYWLK76,Emory,Feechan,Barron,1934-11-04,994,Grecia,2023-04-29
ZEKT642804HBDACT44,Bank,Crayker,Hubbuck,1946-08-31,219,India,2023-02-23
ZEYB323260HCLEJY25,Bowie,Farndale,Howells,1962-06-13,303,Grecia,2023-08-12
ZEYB323260HCLEJY25,Bowie,Farndale,Howells,1962-06-13,823,Jordania,2023-08-31
ZFVM760472FGNNBM63,Kalle,Woolard,Joubert,1974-07-04,492,Egipto,2022-11-17
ZFVM760472FGNNBM63,Kalle,Woolard,Joubert,1974-07-04,919,India,2023-09-05
ZHCD108752HDZPHY39,Abba,MacKeague,Adair,1999-01-12,285,Grecia,2023-02-07
ZHCD108752HDZPHY39,Abba,MacKeague,Adair,1999-01-12,488,Peru,2023-01-22
ZHCD108752HDZPHY39,Abba,MacKeague,Adair,1999-01-12,719,Mexico,2022-09-26
ZHLG836512HMMYFL87,Romy,Geertsen,Erskin,1985-06-18,812,India,2023-07-24
ZHLG836512HMMYFL87,Romy,Geertsen,Erskin,1985-06-18,950,Egipto,2023-08-21
ZHZN396873HZIGIF67,Nara,Meaking,Gurry,1927-11-25,500,Egipto,2023-01-09
ZIGR227585FCBCZY59,Chan,Kalkofer,Delong,1969-05-18,20,Japon,2022-12-23
ZIGR227585FCBCZY59,Chan,Kalkofer,Delong,1969-05-18,75,Francia,2022-12-10
ZLJE263756FAPFLU54,Stephanie,Dowse,Colbridge,1973-07-20,908,Jordania,2022-11-03
ZLJE263756FAPFLU54,Stephanie,Dowse,Colbridge,1973-07-20,910,Jordania,2023-04-18
ZLVO461484FHLLEY44,Risa,Eustis,Duffield,1990-11-07,264,Egipto,2022-10-17
ZLVO461484FHLLEY44,Risa,Eustis,Duffield,1990-11-07,743,Jordania,2023-01-14
ZLVO461484FHLLEY44,Risa,Eustis,Duffield,1990-11-07,9,Peru,2023-07-31
ZQKG792795HMDHNK72,Elbertina,Boulger,Antyukhin,1983-06-08,856,Jordania,2022-10-05
ZSVR919460FKFMMA33,Gus,Attenbrow,Vasentsov,1998-06-07,780,Mexico,2023-03-21
ZSVR919460FKFMMA33,Gus,Attenbrow,Vasentsov,1998-06-07,999,Jordania,2023-05-12
ZTCM022710FYPARU59,Maxim,Oliphant,Mattiello,1932-02-25,316,Jordania,2023-07-10
ZTCM022710FYPARU59,Maxim,Oliphant,Mattiello,1932-02-25,808,Mexico,2023-03-08
